Region major,cbam_endex,log_cap,year_announced,is_blue,cancel_B,cate,cate_lo,cate_hi,cate_significant
Europe (EU-27),0,3.044522437723423,2020,0,0,0.33152757748208894,-0.19440914916067686,0.8574643041248546,0
Europe (EU-27),0,0.6931471805599453,2017,0,0,0.3323916285218403,0.0035857991763865726,0.6611974578672939,1
Europe (EU-27),0,4.330733340286331,2020,0,0,0.4423406873808847,0.18518478566748497,0.6994965890942841,1
North America,0,1.9459101490553132,2014,0,0,0.21675266796512518,-0.2325102580931501,0.6660155940234004,0
Europe (EU-27),0,1.0986122886681098,2015,0,1,0.23168195730437838,-0.38352331642729326,0.8468872310360496,0
Europe (EU-27),0,0.6931471805599453,2011,0,1,0.06138057251058852,-0.5744425827933941,0.697203727814571,0
Europe (EU-27),1,4.812184355372417,2021,0,0,0.28543772474975193,0.04813980390950265,0.5227356455900011,1
Europe (EU-27),1,7.189922170745808,2022,0,1,0.012861317016203175,-0.38192049267988315,0.4076431267122893,0
Europe (EU-27),1,7.496097345175956,2022,0,1,0.017959559455873547,-0.34660434418653524,0.38252346309828217,0
Europe (EU-27),1,6.621405651764134,2020,0,0,0.10754483338501726,-0.1297196910515085,0.34480935782154315,0
North America,0,1.9459101490553132,2012,0,1,0.11918643394451636,-0.24407124431336502,0.4824441122023977,0
Europe (EU-27),0,2.302585092994046,2016,0,0,0.20439661451084315,-0.25647991276723947,0.6652731417889256,0
Europe (EU-27),0,2.3978952727983707,2019,0,0,0.31943274791326376,-0.14058949286493921,0.7794549886914668,0
Europe (EU-27),0,3.9512437185814275,2022,0,0,0.28553131614538296,-0.129666977234146,0.7007296095249118,0
Europe (EU-27),0,4.634728988229636,2019,0,0,0.4711193935240501,0.09503778714749195,0.8472009999006083,1
North America,0,3.044522437723423,2013,0,1,0.14934752638495385,-0.046149127995195854,0.3448441807651035,0
Europe (EU-27),0,3.8066624897703196,2019,0,0,0.4462041629213472,0.16649659238896997,0.7259117334537237,1
Europe (EU-27),0,3.091042453358316,2017,0,0,0.35175813513769744,-0.2094427236419033,0.9129589939172982,0
North America,0,2.0794415416798357,2012,0,1,0.11881673204535642,-0.21171309573951247,0.449346559830225,0
Europe (EU-27),0,2.4849066497880004,2018,0,0,0.34625826659628317,-0.34032218403742576,1.0328387172299922,0
Europe (EU-27),0,2.6390573296152584,2017,0,0,0.3459799715318405,-0.2721948799799225,0.9641548230436034,0
Europe (EU-27),0,0.0,2016,0,1,0.29279117617023204,-0.2026097773580301,0.7881921296984944,0
Europe (EU-27),0,1.3862943611198906,2016,0,1,0.27338424149662044,-0.10407753979660911,0.65084602278985,0
North America,0,4.04305126783455,2020,0,0,0.3220298968509754,0.059790244772009504,0.584269548929941,1
Europe (EU-27),0,3.9512437185814275,2019,0,0,0.4319349405529488,0.17232625835038723,0.6915436227555104,1
Europe (EU-27),0,2.6390573296152584,2016,0,0,0.24335539708057585,-0.1721992912354691,0.6589100853966211,0
Europe (EU-27),0,1.791759469228055,2015,0,0,0.18261238413811573,-0.24863309775111136,0.6138578660273428,0
Europe (EU-27),0,0.0,2011,0,1,0.11978873343230582,-0.4027347943062873,0.6423122611708988,0
Europe (EU-27),0,0.0,2011,0,1,0.11978873343230582,-0.4027347943062873,0.6423122611708988,0
Europe (EU-27),0,3.4011973816621555,2016,0,0,0.2689660112779985,-0.01636312977531823,0.5542951523313149,0
North America,0,3.8501476017100584,2021,0,0,0.30791334909626467,0.10343924196207449,0.5123874562304547,1
Europe (EU-27),0,2.3978952727983707,2010,0,0,-0.0782915689215684,-0.5156300766823381,0.3590469388392012,0
Europe (non EU-27),0,4.812184355372417,2021,0,1,0.3117521256663908,-0.027137716075959384,0.6506419674087407,0
Europe (non EU-27),0,2.8903717578961645,2017,0,0,0.296677846815365,-0.09419965607439418,0.6875553497051242,0
Europe (non EU-27),0,3.1354942159291497,2015,0,1,0.230449277441244,-0.13578642978892055,0.5966849846714084,0
Europe (non EU-27),0,5.351858133476067,2016,0,0,0.2520590311149863,-0.025252576986256214,0.5293706392162284,0
Europe (EU-27),0,3.4011973816621555,2019,0,0,0.43117279483315457,0.1482855827891839,0.7140600068771252,1
Europe (EU-27),0,4.859812404361672,2020,0,0,0.4307473879181175,-0.1237685350695722,0.985263310905807,0
Europe (EU-27),0,3.9318256327243257,2015,0,0,0.18804172711428407,-0.22066614210217303,0.5967495963307412,0
Europe (non EU-27),0,0.0,2021,0,1,0.2505525857241383,-0.09661916103989854,0.597724332488175,0
Europe (non EU-27),0,0.0,2021,1,1,0.2505525857241383,-0.09661916103989854,0.597724332488175,0
Europe (EU-27),0,4.795790545596741,2015,0,1,0.28618403587789654,-0.2737840031284684,0.8461520748842614,0
Europe (EU-27),0,3.5263605246161616,2019,0,0,0.43756101874511566,0.14633151027792318,0.7287905272123074,1
Europe (EU-27),0,3.4011973816621555,2020,0,0,0.38313276768933724,0.1194506244882742,0.6468149108903999,1
Europe (EU-27),0,7.105786129481271,2021,0,0,0.08263943238715556,-0.12310917738140673,0.28838804215571784,0
Europe (EU-27),1,8.071218539969863,2021,0,0,0.11381751413724998,-0.06145656912839054,0.28909159740289037,0
Europe (EU-27),0,6.698268054115413,2020,0,0,0.01913513382704181,-0.2988722483444713,0.3371425159985548,0
Europe (EU-27),0,0.0,2020,0,0,0.31527243504450453,0.022204103369503847,0.6083407667195051,1
Europe (EU-27),0,4.663439094112067,2018,0,0,0.4624291128078954,0.12567463520889272,0.7991835904068981,1
Europe (EU-27),0,3.6109179126442243,2010,0,0,-0.03608292614630974,-0.4274165793102156,0.3552507270175962,0
Europe (EU-27),0,3.58351893845611,2020,0,0,0.39939780425666943,0.11794960765831114,0.6808460008550274,1
Europe (EU-27),0,7.849323818040561,2020,0,1,-0.020372167765963282,-0.34357999402209904,0.30283565849017235,0
Europe (EU-27),0,3.713572066704308,2011,0,0,-0.029343703470730363,-0.4205247473544793,0.3618373404130184,0
Europe (EU-27),0,6.76849321164863,2018,0,1,0.03213808210295192,-0.3040199639475699,0.36829612815347373,0
Europe (EU-27),0,8.664923303440572,2018,0,1,-0.0075950483692309055,-0.2412903209302538,0.2261002241917919,0
Europe (EU-27),0,3.828641396489095,2018,0,0,0.4310518942673841,0.11828717865174643,0.7438166098830215,1
Europe (EU-27),1,6.478509642208569,2018,0,0,0.13150202376056128,-0.17632978459527948,0.4393338321164019,0
Europe (EU-27),0,0.6931471805599453,2012,0,1,0.07149541456630841,-0.5841926992590979,0.7271835283917147,0
Europe (EU-27),0,4.770684624465665,2017,0,0,0.44633224057840803,0.04507563060915676,0.8475888505476594,1
Europe (EU-27),0,2.772588722239781,2017,0,0,0.3670934038996654,-0.16765374906968472,0.9018405568690164,0
Europe (EU-27),0,2.3978952727983707,2011,0,1,-0.0782915689215684,-0.5156300766823381,0.3590469388392012,0
Europe (EU-27),0,4.07753744390572,2017,0,0,0.4084218463018904,0.12519773754728436,0.6916459550564962,1
Europe (EU-27),0,3.713572066704308,2015,0,0,0.18375639248628864,-0.24658274065022298,0.6140955256228,0
Europe (EU-27),0,1.0986122886681098,2015,0,1,0.23168195730437838,-0.38352331642729326,0.8468872310360496,0
Europe (EU-27),0,4.795790545596741,2017,0,0,0.44758981112414575,0.049453541458769124,0.8457260807895226,1
Europe (EU-27),0,4.174387269895637,2015,0,0,0.19188460850329644,-0.22607506149290957,0.6098442784995025,0
Europe (EU-27),0,0.0,2011,0,1,0.11978873343230582,-0.4027347943062873,0.6423122611708988,0
Europe (EU-27),0,4.770684624465665,2014,0,0,0.21991552235699627,-0.34281441998422857,0.782645464698221,0
Europe (EU-27),0,1.3862943611198906,2011,0,1,-0.0011605636976664384,-0.470880162851153,0.46855903545582,0
Europe (EU-27),0,2.8903717578961645,2014,0,1,0.13127919505401373,-0.454294847040529,0.7168532371485564,0
Europe (EU-27),0,4.174387269895637,2011,0,0,-0.024628194748700177,-0.4142687254792164,0.3650123359818158,0
Europe (EU-27),0,0.0,2013,0,1,0.1612119639310359,-0.39857156492311635,0.720995492785188,0
Europe (EU-27),0,0.0,2011,0,1,0.11978873343230582,-0.4027347943062873,0.6423122611708988,0
Europe (EU-27),0,4.174387269895637,2013,0,0,0.012976487337300297,-0.4260732197696592,0.45202619444425973,0
Europe (EU-27),0,2.4849066497880004,2013,0,0,-0.06362021965876082,-0.585388674283053,0.45814823496553114,0
Europe (EU-27),0,3.713572066704308,2016,0,0,0.29135583685408967,0.004031450353217558,0.5786802233549617,1
Europe (EU-27),0,4.174387269895637,2013,0,0,0.012976487337300297,-0.4260732197696592,0.45202619444425973,0
Europe (EU-27),0,4.07753744390572,2011,0,0,-0.02039834949199132,-0.3935000700108767,0.3527033710268941,0
Europe (EU-27),0,4.04305126783455,2011,0,0,-0.020464196518171683,-0.39405413403399747,0.35312574099765376,0
Europe (EU-27),0,4.02535169073515,2012,0,0,-0.009935471563925906,-0.3960286680753915,0.3761577249475398,0
Europe (EU-27),1,4.174387269895637,2015,0,0,0.1567868913916242,-0.2661835659047761,0.5797573486880245,0
Europe (EU-27),0,3.713572066704308,2010,0,0,-0.029343703470730363,-0.4205247473544793,0.3618373404130184,0
Europe (EU-27),1,4.219507705176107,2011,0,0,-0.006045816892068666,-0.3782300727844475,0.36613843900031,0
Europe (EU-27),0,2.3978952727983707,2011,0,1,-0.0782915689215684,-0.5156300766823381,0.3590469388392012,0
Europe (EU-27),0,4.718498871295094,2012,0,0,0.07713429957690467,-0.5045078547804303,0.6587764539342394,0
Europe (EU-27),0,4.219507705176107,2011,0,0,-0.020333351343476115,-0.4213376303649796,0.38067092767802746,0
Europe (EU-27),0,3.1780538303479458,2011,0,1,-0.06462848036976418,-0.4345546498735821,0.30529768913405364,0
Europe (EU-27),0,2.9444389791664403,2011,0,1,-0.06791347389414441,-0.44750569904974014,0.31167875126145106,0
Europe (EU-27),0,4.418840607796598,2011,0,0,-0.005843154813406077,-0.44918492535518256,0.4374986157283706,0
Europe (EU-27),1,4.290459441148391,2016,0,0,0.26213336236125684,-0.17780447136043048,0.7020711960829439,0
Europe (EU-27),0,4.394449154672439,2013,0,0,0.028616002958991468,-0.4802929947929427,0.5375250007109255,0
Europe (EU-27),0,4.454347296253507,2011,0,0,-0.005843154813406077,-0.44918492535518256,0.4374986157283706,0
Europe (EU-27),0,5.993961427306569,2011,0,0,0.07321798657887744,-0.4141798333375447,0.5606158064952994,0
Europe (EU-27),1,2.3978952727983707,2012,0,1,-0.04615231562814285,-0.45652971261001446,0.3642250813537286,0
Europe (EU-27),0,5.327876168789581,2010,0,0,0.09222132192880733,-0.4427524840107094,0.6271951278683241,0
Europe (EU-27),0,2.772588722239781,2010,0,1,-0.06065818231465083,-0.45597644706074086,0.3346600824314391,0
Europe (EU-27),0,4.927253685157205,2010,0,0,0.07401826375469989,-0.5012282754604078,0.6492648029698072,0
Europe (EU-27),0,2.772588722239781,2018,0,0,0.3776030905943445,-0.22455731449964184,0.9797634956883305,0
Europe (EU-27),0,2.772588722239781,2020,0,0,0.3317973395131054,-0.18489482754739295,0.8484895065736046,0
Europe (EU-27),0,2.772588722239781,2020,0,0,0.3317973395131054,-0.18489482754739295,0.8484895065736046,0
Europe (EU-27),0,2.772588722239781,2018,0,0,0.3776030905943445,-0.22455731449964184,0.9797634956883305,0
Asia-Pacific,0,9.232199706329077,2021,0,1,-0.11252478675284665,-0.31544147296309755,0.09039189945740417,0
North America,0,9.078065332666364,2020,1,0,0.029883896241391164,-0.10808660318799457,0.1678543956707768,0
Asia-Pacific,0,4.859812404361672,2022,0,0,0.17462052867581082,-0.12460537326139887,0.4738464306130204,0
Asia-Pacific,0,10.413642951751815,2021,0,1,-0.11514965122676343,-0.31215777644675036,0.08185847399322346,0
Asia-Pacific,0,9.581145019820722,2021,0,1,-0.11548626958272534,-0.3246356499453825,0.09366311077993181,0
Asia-Pacific,0,8.154212694914229,2021,0,1,-0.12500128735845015,-0.32800258238207836,0.078000007665178,0
Asia-Pacific,0,11.786008995353765,2021,0,1,-0.11403204736683396,-0.3048912142940884,0.07682711956042039,0
Asia-Pacific,1,0.0,2021,0,1,0.18473509531745735,-0.12470381065515815,0.4941740012900727,0
Asia-Pacific,0,7.111512116496157,2021,0,1,-0.1306942027810458,-0.3252872207674916,0.06389881520539994,0
Asia-Pacific,0,10.021315031649332,2021,0,1,-0.11316595270692227,-0.31005565233116583,0.0837237469173214,0
Asia-Pacific,0,0.0,2020,0,1,0.21613469575125985,-0.09046266022069535,0.522732051723215,0
Asia-Pacific,0,6.444131256700441,2020,0,1,-0.00031519698857631663,-0.1361678098231857,0.13553741584603302,0
Asia-Pacific,0,3.912023005428146,2020,0,0,0.20810245334348407,-0.13104206222346285,0.5472469689104308,0
Asia-Pacific,0,1.0986122886681098,2021,0,0,0.1439897723001863,-0.21326737203024138,0.5012469166306139,0
Asia-Pacific,0,2.0794415416798357,2019,0,0,0.22576917594999013,-0.35625880740973004,0.8077971593097101,0
Asia-Pacific,0,0.0,2018,0,0,0.27226765742390574,-0.1355801589515907,0.6801154737994021,0
Asia-Pacific,1,0.0,2020,0,1,0.1933872329108963,-0.17119241757831405,0.5579668834001066,0
Asia-Pacific,0,10.687411927154141,2021,0,1,-0.11403204736683396,-0.3048912142940884,0.07682711956042039,0
North America,1,11.099801099494575,2011,1,0,0.03090699525660611,-0.14928076338606142,0.21109475389927362,0
Asia-Pacific,0,10.12667110305036,2020,0,1,-0.10729060234198466,-0.34753490070745646,0.13295369602348728,0
Asia-Pacific,0,1.3862943611198906,2020,0,0,0.15078000797403557,-0.10392484618893841,0.4054848621370094,0
Asia-Pacific,0,1.9459101490553132,2017,0,0,0.22491625277748678,-0.3680434196383156,0.8178759251932892,0
North America,1,8.294299608857235,2010,1,0,0.06745084937648715,-0.037642123004192146,0.17254382175716643,0
Asia-Pacific,0,0.0,2018,0,0,0.27226765742390574,-0.1355801589515907,0.6801154737994021,0
Asia-Pacific,0,6.893656354602635,2020,0,1,-0.10990655250302946,-0.27052452491285744,0.05071141990679871,0
Asia-Pacific,0,5.680172609017068,2018,1,1,0.22731054599248743,-0.06372973973357943,0.5183508317185539,0
Asia-Pacific,0,3.8918202981106265,2019,0,0,0.30130084806954743,-0.14782456201566052,0.7504262581547557,0
Asia-Pacific,0,3.58351893845611,2019,0,0,0.29202001958492957,-0.14827643698228088,0.7323164761521401,0
North America,1,11.257942888681463,2011,1,0,0.03090699525660611,-0.14928076338606142,0.21109475389927362,0
Asia-Pacific,0,1.0986122886681098,2017,0,0,0.24637592126846922,-0.16684918843872365,0.659601030975662,0
Asia-Pacific,0,4.394449154672439,2016,0,0,0.27882510468162985,-0.22213970011068768,0.7797899094739473,0
Asia-Pacific,0,2.0794415416798357,2019,0,0,0.22576917594999013,-0.35625880740973004,0.8077971593097101,0
Asia-Pacific,0,2.5649493574615367,2017,0,0,0.24752437280907366,-0.4279159692182103,0.9229647148363573,0
Asia-Pacific,0,4.663439094112067,2018,0,0,0.3107215587171144,-0.11349536140991473,0.7349384788441435,0
Asia-Pacific,0,0.0,2017,0,1,0.25500298695355333,-0.1138995618409544,0.623905535748061,0
North America,1,11.20793445339581,2011,1,0,0.03090699525660611,-0.14928076338606142,0.21109475389927362,0
Asia-Pacific,0,1.9459101490553132,2011,0,0,0.10170517711650925,-0.28759242677075164,0.4910027810037701,0
Europe (EU-27),0,4.990432586778736,2019,0,0,0.4520974831893211,-0.07675589529835658,0.9809508616769984,0
Europe (EU-27),0,5.1298987149230735,2019,0,0,0.4653308650901069,-0.04574380098360825,0.976405531163822,0
Europe (EU-27),0,4.110873864173311,2020,0,0,0.41968548614207407,0.07565651310340532,0.7637144591807428,1
Europe (EU-27),0,9.021598247379305,2020,0,1,-0.03742321617009053,-0.2723114224664851,0.19746499012630397,0
Europe (EU-27),1,5.220355825078324,2020,0,0,0.4078369438328054,-0.13341793419741943,0.9490918218630298,0
Europe (EU-27),0,0.6931471805599453,2018,0,0,0.32967522816386396,0.014407434141063102,0.6449430221866648,1
Europe (EU-27),0,4.574710978503383,2017,0,0,0.4345201032573086,0.10012579037567565,0.7689144161389414,1
Europe (EU-27),0,4.30406509320417,2019,0,0,0.4594530933568751,0.17581661716160613,0.7430895695521442,1
Europe (EU-27),0,5.4680601411351315,2020,0,0,0.4312818763649287,-0.07369501841560921,0.9362587711454664,0
Europe (EU-27),0,5.583496308781699,2018,0,0,0.4538059042746357,0.038824179369895795,0.8687876291793759,1
Europe (EU-27),1,10.021315031649332,2019,0,1,-0.016699935013024986,-0.24520671377005476,0.21180684374400477,0
Europe (EU-27),0,4.330733340286331,2021,0,0,0.3758353013349869,0.043772696554349566,0.7078979061156239,1
Europe (EU-27),0,0.0,2011,0,1,0.11978873343230582,-0.4027347943062873,0.6423122611708988,0
Europe (EU-27),0,6.415096959171596,2019,0,0,0.14555297489531804,-0.18792071377609146,0.4790266635667273,0
Europe (EU-27),1,12.144202560946876,2018,1,1,0.006937068262564455,-0.20732069833474645,0.22119483485987532,0
Europe (EU-27),0,5.641907070938114,2019,0,0,0.4370848007250416,0.03782750583955552,0.8363420956105273,1
Europe (EU-27),1,8.696175846944678,2020,0,1,0.0009166141900240616,-0.2765263062022655,0.2783595345823135,0
Europe (EU-27),1,8.664923303440572,2020,0,1,0.0019367936011077727,-0.2686793638481254,0.2725529510503409,0
Europe (EU-27),1,6.118097198041348,2020,1,1,0.26714146815998513,-0.026792175043849564,0.5610751113638197,0
Europe (EU-27),0,9.945636666044287,2020,0,1,-0.0520412132157841,-0.3003068673842079,0.19622444095263963,0
Europe (EU-27),0,8.328692583545568,2020,0,1,-0.01998479217549176,-0.2696735145800383,0.22970393022905472,0
Europe (EU-27),0,3.367295829986474,2013,0,1,-0.03440473486771042,-0.47434404357925314,0.40553457384383235,0
Europe (EU-27),0,2.70805020110221,2010,0,1,-0.058466813628966406,-0.4509157703081679,0.33398214305023477,0
Europe (EU-27),0,4.330733340286331,2021,0,0,0.3758353013349869,0.043772696554349566,0.7078979061156239,1
Europe (EU-27),0,2.302585092994046,2016,0,0,0.20439661451084315,-0.25647991276723947,0.6652731417889256,0
Europe (EU-27),0,0.0,2016,0,0,0.29279117617023204,-0.2026097773580301,0.7881921296984944,0
Europe (EU-27),0,4.634728988229636,2021,0,0,0.38613302804246696,0.07404389200566902,0.6982221640792647,1
Europe (EU-27),1,7.026426808699636,2021,0,0,0.12780205138695458,-0.003301307919354707,0.2589054106932638,0
Europe (EU-27),0,4.394449154672439,2021,0,0,0.3742475767689732,0.04344437651494798,0.7050507770229986,1
Europe (EU-27),0,5.2574953720277815,2019,0,0,0.45692678742221804,-0.02912971861644359,0.9429832934608795,0
Europe (EU-27),1,6.513230110912307,2017,0,0,0.10201347142617681,-0.1795439569681396,0.3835708998204933,0
Europe (EU-27),0,0.0,2011,0,1,0.11978873343230582,-0.4027347943062873,0.6423122611708988,0
Europe (EU-27),0,1.9459101490553132,2012,0,1,-0.047489975246220006,-0.5695248018080316,0.47454485131559115,0
Europe (EU-27),0,0.0,2010,0,0,0.11978873343230582,-0.4027347943062873,0.6423122611708988,0
Europe (EU-27),0,0.0,2019,0,1,0.32704430476802765,-0.07022771947552697,0.7243163290115822,0
Asia-Pacific,0,3.7612001156935624,2022,0,0,0.11462583965422986,-0.16729266667825007,0.39654434598670973,0
Asia-Pacific,0,1.6094379124341003,2021,0,0,0.12711629232347368,-0.22381336595002446,0.47804595059697175,0
Asia-Pacific,1,2.995732273553991,2022,0,0,0.11067970616202057,-0.18688732887260218,0.40824674119664334,0
Asia-Pacific,1,5.6131281063880705,2021,0,0,0.21650170967687063,-0.17573226062682423,0.6087356799805654,0
Asia-Pacific,0,2.6390573296152584,2022,0,0,0.06288795715233614,-0.1857526903334476,0.31152860463812,0
Asia-Pacific,0,4.356708826689592,2022,0,0,0.12889236124843842,-0.1613805752830776,0.41916529777995454,0
Asia-Pacific,0,0.0,2021,0,0,0.20470426772029962,-0.11262828084384438,0.5220368162844434,0
Asia-Pacific,0,0.6931471805599453,2021,0,0,0.16229605763744176,-0.10726168659647853,0.431853801871362,0
Asia-Pacific,0,5.973809611869261,2021,0,0,0.15965548928148487,-0.0766583535769216,0.3959693321398914,0
Asia-Pacific,0,2.302585092994046,2013,0,0,0.12135844740431226,-0.2919167035908426,0.5346335983994671,0
Asia-Pacific,1,4.5217885770490405,2020,0,0,0.22435113980319815,-0.13871114506093737,0.5874134246673333,0
Asia-Pacific,1,7.467942332285852,2021,0,1,-0.09879160031113464,-0.3187707769436221,0.12118757632135259,0
Asia-Pacific,1,4.812184355372417,2012,0,0,0.15498513060369493,-0.2067942374826295,0.5167644986900193,0
Asia-Pacific,1,5.53338948872752,2021,0,0,0.22530438164111258,-0.1281331318698773,0.5787418951521024,0
Asia-Pacific,0,0.0,2021,0,0,0.20470426772029962,-0.11262828084384438,0.5220368162844434,0
Asia-Pacific,0,2.0794415416798357,2021,0,0,0.12822542166564652,-0.29828481746134616,0.5547356607926391,0
Asia-Pacific,0,1.791759469228055,2012,0,0,0.13160669441085773,-0.21511786265487778,0.47833125147659294,0
Asia-Pacific,0,0.0,2010,0,0,0.1891020622084181,-0.18812113425409285,0.5663252586709291,0
Asia-Pacific,0,6.647688373563329,2022,0,0,0.03804172920096665,-0.11393018447630265,0.19001364287823594,0
Asia-Pacific,0,0.0,2021,0,0,0.20470426772029962,-0.11262828084384438,0.5220368162844434,0
Middle East,0,3.828641396489095,2018,0,0,0.3747307947091932,0.10423950250099168,0.6452220869173955,1
Asia-Pacific,0,1.3862943611198906,2016,0,0,0.22102040050010177,-0.28104122153700606,0.7230820225372097,0
Asia-Pacific,0,2.70805020110221,2020,0,0,0.1618293832611176,-0.14052935987547627,0.46418812639771134,0
Asia-Pacific,0,2.302585092994046,2017,0,0,0.23514794758401789,-0.40130431359216423,0.8716002087601997,0
Asia-Pacific,0,9.09268232850795,2012,1,1,0.0284367700461622,-0.16736044230402924,0.22423398239635361,0
Asia-Pacific,0,0.0,2017,0,0,0.25500298695355333,-0.1138995618409544,0.623905535748061,0
Asia-Pacific,0,0.6931471805599453,2017,0,0,0.24383741650841498,-0.05808251250468727,0.5457573455215171,0
Asia-Pacific,0,0.0,2017,0,0,0.25500298695355333,-0.1138995618409544,0.623905535748061,0
Asia-Pacific,0,0.0,2012,0,1,0.20032624683181482,-0.161468024915152,0.5621205185787814,0
Asia-Pacific,0,0.0,2016,0,0,0.24139789564111602,-0.18610770664336465,0.6689034979255971,0
Asia-Pacific,0,1.9459101490553132,2020,0,0,0.1450481619317968,-0.17495573667038605,0.46505206053397974,0
Asia-Pacific,0,0.0,2014,0,1,0.26819083231348256,-0.1775293588447313,0.7139110234716961,0
Asia-Pacific,0,0.0,2016,0,0,0.24139789564111602,-0.18610770664336465,0.6689034979255971,0
Middle East,1,12.388398368982115,2019,1,0,0.05885806878401071,-0.11850504306418785,0.2362211806322092,0
Asia-Pacific,0,5.420534999272286,2018,0,0,0.24373620712478328,-0.054549634194814955,0.5420220484443814,0
Asia-Pacific,0,2.995732273553991,2015,0,1,0.23466819095046537,-0.3076851124986092,0.7770214943995397,0
Asia-Pacific,0,7.581209826196346,2021,1,0,-0.0052482495429321116,-0.12040437436802996,0.10990787528216571,0
Asia-Pacific,0,10.085850775128717,2021,0,0,-0.011059647812805821,-0.17334460666328916,0.15122531103767745,0
Europe (non EU-27),0,0.0,2022,0,1,0.21990690212143274,-0.18682208041935036,0.6266358846622159,0
Asia-Pacific,0,4.6443908991413725,2018,0,0,0.3157043592486921,-0.10264120066192067,0.7340499191593046,0
Europe (non EU-27),0,0.6931471805599453,2020,0,0,0.24872500707069606,-0.09745127850187935,0.5949012926432713,0
Asia-Pacific,0,7.2868764117507,2021,1,0,0.01227900132322918,-0.08751558368705159,0.11207358633350989,0
Asia-Pacific,0,7.0909098220799835,2021,1,0,-0.13223578448082204,-0.3295571596021344,0.06508559064049041,0
Asia-Pacific,0,0.0,2012,0,0,0.20032624683181482,-0.161468024915152,0.5621205185787814,0
Asia-Pacific,1,7.324489979348532,2012,0,0,0.05928430478104494,-0.13860685729926564,0.2571754668613554,0
Asia-Pacific,0,10.596659732783579,2020,1,0,-0.08609626176905226,-0.2834858636402239,0.11129334010211939,0
Asia-Pacific,0,2.833213344056216,2018,0,0,0.28005245869878576,-0.3575590117494739,0.9176639291470453,0
Asia-Pacific,0,5.703782474656201,2020,0,0,0.22103710428284454,-0.14482015675613183,0.5868943653218209,0
Asia-Pacific,0,0.0,2012,0,0,0.20032624683181482,-0.161468024915152,0.5621205185787814,0
Asia-Pacific,0,4.356708826689592,2016,0,0,0.27937791365583603,-0.21997797617805415,0.778733803489726,0
Asia-Pacific,0,0.0,2010,0,0,0.1891020622084181,-0.18812113425409285,0.5663252586709291,0
Asia-Pacific,1,7.0909098220799835,2022,0,0,0.023893611582937062,-0.10884635045723587,0.15663357362310987,0
Asia-Pacific,0,5.1298987149230735,2017,1,1,0.33369481728966655,-0.10921036947749518,0.7766000040568283,0
Asia-Pacific,0,0.0,2018,0,0,0.27226765742390574,-0.1355801589515907,0.6801154737994021,0
Africa,0,0.6931471805599453,2020,0,0,0.24872500707069606,-0.09745127850187935,0.5949012926432713,0
Africa,0,3.6109179126442243,2022,0,0,0.18971512759230783,-0.017148799417531363,0.39657905460214704,0
Africa,1,1.6094379124341003,2020,0,0,0.2336376660799515,-0.19994929208806547,0.6672246242479685,0
Africa,0,1.9459101490553132,2021,0,0,0.23644974568147148,-0.11642218366560758,0.5893216750285507,0
Asia-Pacific,0,5.641907070938114,2024,0,0,0.17385978579743122,-0.14213106201980918,0.48985063361467146,0
Asia-Pacific,0,0.0,2024,0,0,0.20202165478952566,-0.11744945820210889,0.5214927677811598,0
Asia-Pacific,0,4.61512051684126,2022,0,0,0.14127943111588773,-0.01068849708288544,0.2932473593146607,0
Asia-Pacific,0,0.0,2026,0,0,0.19921394417227828,-0.11295989894098346,0.5113877872855397,0
Africa,0,13.255897270025727,2021,1,1,0.034853703330662705,-0.17258678624881837,0.24229419291014376,0
Europe (EU-27),0,2.3978952727983707,2020,0,0,0.23523486284408007,0.06873266706583406,0.4017370586223261,1
Europe (EU-27),0,1.9459101490553132,2020,0,0,0.23147449584430396,0.017835631094022003,0.44511336059458606,1
Europe (EU-27),0,3.912023005428146,2026,0,0,0.24166930634480993,0.012412504098409799,0.47092610859120965,1
Europe (EU-27),1,7.650168700845001,2026,0,0,0.13012457119244172,-0.05881089077405452,0.31906003315893794,0
Europe (EU-27),1,8.497194544909547,2025,0,0,0.10934499633184348,-0.0752335834471371,0.2939235761108241,0
Asia-Pacific,1,4.356708826689592,2026,0,0,0.15400754647407316,-0.03571726324725394,0.3437323561954002,0
Asia-Pacific,0,4.07753744390572,2026,0,0,0.13572901073342858,-0.09791775649493109,0.36937577796178755,0
Asia-Pacific,1,0.0,2017,1,0,0.22133825610398777,-0.07543785684616922,0.5181143690541448,0
Latin America,0,0.6931471805599453,2026,0,0,0.2070465166187963,-0.04306767249871818,0.4571607057363106,0
Europe (EU-27),0,4.07753744390572,2021,0,0,0.2469649357123962,0.04581357501833386,0.44811629640645856,1
Europe (EU-27),0,3.091042453358316,2018,0,0,0.2414402078467194,0.01522271238232778,0.467657703311111,1
North America,0,0.0,2014,1,1,0.24030057020084702,-0.07991478267013974,0.5605159230718337,0
Europe (non EU-27),0,14.978661680269907,2023,1,1,0.0012556909405789431,-0.2569944645595165,0.2595058464406743,0
Europe (EU-27),0,0.0,2024,1,1,0.2654045515179378,-0.02600529827184328,0.5568144013077188,0
North America,0,0.0,2023,1,1,0.2433930100192863,-0.08721397063896477,0.5739999906775376,0
Middle East,0,5.638354669333745,2021,1,1,0.3177446300160765,-0.05652807735199705,0.6920173373841499,0
Middle East,0,0.0,2022,0,0,0.21990690212143274,-0.18682208041935036,0.6266358846622159,0
North America,0,0.0,2023,1,1,0.23402630060762153,-0.07695803546044205,0.5450106366756848,0
Asia-Pacific,0,0.0,2014,1,1,0.23979016531456004,-0.027890432619447764,0.5074707632485679,0
Middle East,0,7.229113877793302,2026,0,0,0.05916726598850665,-0.18269956673499788,0.3010340987120112,0
North America,1,0.0,2013,1,0,0.19139220600413634,-0.10809364584147033,0.49087805784974303,0
Asia-Pacific,0,4.02535169073515,2025,0,0,0.14831477657782643,-0.09130083340794878,0.38793038656360157,0
Asia-Pacific,0,0.6931471805599453,2026,0,0,0.17612058938174302,-0.12219078435193698,0.47443196311542285,0
Europe (EU-27),0,3.4339872044851463,2025,0,0,0.2938505213950199,0.031771407933609885,0.55592963485643,1
Latin America,0,0.0,2024,0,1,0.23666603904991224,-0.06580428031978339,0.5391363584196074,0
Asia-Pacific,0,10.596659732783579,2022,1,0,-0.023235678795086097,-0.21786438705742361,0.1713930294672514,0
Europe (non EU-27),0,5.220355825078324,2025,1,0,0.22871785775967068,-0.028932780356622778,0.4863684958759642,0
Europe (EU-27),0,0.0,2025,0,0,0.2842978203033076,0.015670181207244227,0.5529254593993709,1
Africa,0,4.5217885770490405,2021,0,0,0.3255009709280879,0.07263279403040229,0.5783691478257732,1
Europe (EU-27),0,5.3981627015177525,2024,0,0,0.3847853871803633,0.16635764516758225,0.6032131291931444,1
Europe (EU-27),0,8.251403065380556,2025,0,0,0.08305477132229647,-0.1962281911672426,0.36233773381183554,0
Africa,0,1.0986122886681098,2010,0,0,0.10137916717533521,-0.42470524634477236,0.6274635806954427,0
Asia-Pacific,0,5.1298987149230735,2024,0,0,0.1724040035225199,-0.10168613553946784,0.4464941425845075,0
Asia-Pacific,1,8.144969417087875,2023,0,0,0.01260622327918327,-0.11468208430683155,0.1398945308651981,0
North America,0,4.634728988229636,2025,0,0,0.21002130228865504,-0.04856798788636013,0.4686105924636704,0
Europe (EU-27),0,2.8903717578961645,2025,0,0,0.29006233463296904,0.026981996233721772,0.553142673032216,1
Europe (EU-27),0,3.713572066704308,2025,0,0,0.30032148287085414,0.07384837291977936,0.5267945928219286,1
Europe (non EU-27),0,5.680172609017068,2021,1,0,0.23081461419976304,7.014578889757983e-05,0.46155908261062845,1
Europe (EU-27),0,4.1588830833596715,2025,0,0,0.3102711981835061,0.01326641628282521,0.6072759800841876,1
Asia-Pacific,1,11.410770915816556,2024,1,0,-0.003029110437793551,-0.1884422015865107,0.18238398071092352,0
North America,1,1.0986122886681098,2023,0,1,0.22057151999931027,-0.10234804762262437,0.5434910876212447,0
North America,0,0.0,2022,1,0,0.21508927792578147,-0.08832001373759851,0.5184985695891616,0
Latin America,1,6.981934677156389,2023,0,0,0.10919691451132445,-0.04655158140925632,0.26494541043190517,0
Asia-Pacific,0,4.543294782270004,2021,0,0,0.2051462538254989,-0.2951059200475319,0.7053984276985293,0
Asia-Pacific,0,0.6931471805599453,2025,0,0,0.16147164517995,-0.09147961275530783,0.4144229031152076,0
Asia-Pacific,0,9.276221741089696,2022,0,1,-0.11556247947246368,-0.3349529882968598,0.10382802935193225,0
North America,0,4.430816798843313,2019,0,0,0.3476592355478301,0.10365496865821883,0.5916635024374414,1
Asia-Pacific,0,4.1588830833596715,2022,0,0,0.13917263567309493,-0.021673706983093566,0.30001897832928326,0
Asia-Pacific,0,3.044522437723423,2025,0,0,0.1533977106368039,-0.10899812253584204,0.41579354380944944,0
Asia-Pacific,0,5.978885764901122,2025,0,0,0.16687966820111133,-0.23514063190088735,0.56889996830311,0
Asia-Pacific,0,2.995732273553991,2025,0,0,0.15728268037258494,-0.13069503324540943,0.44526039399057926,0
Asia-Pacific,0,6.68586094706836,2018,1,0,0.03199636349905196,-0.13662314187888702,0.20061586887699084,0
Asia-Pacific,0,8.399760094524142,2020,1,0,-0.07382528896422418,-0.21574134288205898,0.06809076495361063,0
Asia-Pacific,0,8.086717920303906,2015,1,0,0.056138457445220384,-0.11319556207888162,0.22547247696932238,0
Asia-Pacific,0,8.086717920303906,2019,1,0,0.04442640099241949,-0.079182817491426,0.168035619476265,0
Asia-Pacific,0,9.498147436616115,2015,1,0,0.02891110559957015,-0.15925956200647035,0.21708177320561065,0
Asia-Pacific,0,10.096872681686062,2020,1,0,-0.004369993643563863,-0.18919006187737958,0.18045007459025184,0
Asia-Pacific,0,10.388841510328449,2021,1,0,-0.09396931826377268,-0.25201631511855754,0.06407767859101206,0
Middle East,0,12.589159211520418,2023,1,1,0.0374443886648287,-0.20383173567549262,0.27872051300515,0
North America,0,11.458120749595794,2010,1,1,-0.029475888928458024,-0.17946168955667832,0.12050991169976227,0
North America,0,11.800620037343885,2010,1,1,0.0039004610018597233,-0.1408933450706049,0.14869426707432426,0
North America,0,2.302585092994046,2021,0,0,0.2689614400929191,0.06553332342102691,0.47238955676481165,1
North America,0,0.0,2024,1,1,0.25283504206866386,-0.045885052733212583,0.5515551368705401,0
North America,0,0.0,2019,1,1,0.2724389059129995,-0.05356964452211893,0.5984474563481178,0
North America,0,6.238324625039508,2021,0,0,0.22926122822785105,-0.06490131386890971,0.5234237703246121,0
Middle East,0,0.6931471805599453,2022,1,0,0.18384447945218726,-0.06355126147252887,0.43124022037690335,0
Europe (non EU-27),0,12.781438040432954,2022,1,1,-0.04412026413393912,-0.2724966594066133,0.1842561311387349,0
North America,0,11.34432928279475,2011,1,1,0.02209565499668384,-0.14565366286982345,0.18984497286319102,0
North America,0,11.015361515187424,2022,1,0,0.03831431942873922,-0.19847873270350055,0.2751073715609789,0
Europe (EU-27),0,0.0,2025,0,0,0.2842978203033076,0.015670181207244227,0.5529254593993709,1
Europe (EU-27),0,0.0,2025,0,0,0.2842978203033076,0.015670181207244227,0.5529254593993709,1
Asia-Pacific,0,3.1354942159291497,2025,0,0,0.15728294826190561,-0.10577355761708077,0.420339454140892,0
Asia-Pacific,0,0.0,2025,1,0,0.199554972297675,-0.12042823848810136,0.5195381830834512,0
North America,0,3.2188758248682006,2012,0,0,0.12871497170952848,-0.08768022139472978,0.3451101648137864,0
North America,0,0.0,2025,0,0,0.24376592901132213,-0.03346282740181247,0.5209946854244569,0
Europe (EU-27),1,9.466222131878165,2025,0,1,0.04447820559881024,-0.25706166366321487,0.3460180748608352,0
North America,0,7.650168700845001,2019,0,0,0.07864108395395115,-0.05502125282858081,0.212303420736483,0
Asia-Pacific,0,0.0,2025,0,0,0.199554972297675,-0.12042823848810136,0.5195381830834512,0
North America,1,10.676023380765145,2017,0,0,0.05924024946499002,-0.11127233640776425,0.22975283533774427,0
Middle East,0,2.5649493574615367,2022,0,0,0.17392572213154506,-0.2770680720171461,0.6249195162802361,0
Africa,1,2.9444389791664403,2023,0,0,0.21509294002060333,-0.14208173841383667,0.5722676184550434,0
North America,0,0.0,2024,0,0,0.24648598398279326,-0.030394884839301473,0.5233668528048881,0
Asia-Pacific,0,5.337538079701318,2025,0,0,0.2392579713989442,-0.12734852337933564,0.6058644661772234,0
Asia-Pacific,0,8.30671904320269,2024,0,0,-0.07064971423927718,-0.2895088399450917,0.1482094114665372,0
North America,1,11.577476486029676,2018,1,0,0.059173190712134664,-0.12366500697163973,0.24201138839590897,0
North America,0,4.9344739331306915,2016,0,0,0.3285612967325621,0.04331504500732675,0.6138075484577974,1
North America,0,2.9444389791664403,2025,0,0,0.24518125611884875,0.07432005699297453,0.4160424552447225,1
Asia-Pacific,0,3.7376696182833684,2025,0,0,0.16235480633366178,-0.082341875056922,0.4070514877242457,0
North America,0,4.727387818712341,2015,0,1,0.27376253690124425,-0.08261526523950774,0.6301403390419962,0
North America,0,3.912023005428146,2012,0,0,0.1582512487387261,-0.06406405256570752,0.3805665500431596,0
North America,1,11.695255355062795,2012,1,0,-0.0014990664541225914,-0.18180701515164965,0.1788088822434044,0
Europe (EU-27),0,3.295836866004329,2025,0,0,0.2912535436371371,-0.0054146328221096884,0.5879217200963838,0
Asia-Pacific,0,6.803505257608338,2024,0,0,0.023334814412076837,-0.16149731074586976,0.20816693957002344,0
Asia-Pacific,1,6.26530121273771,2023,0,0,0.1440334410701892,-0.08558317784894964,0.37365005998932804,0
Asia-Pacific,1,5.1298987149230735,2022,0,0,0.18995777220887786,-0.07147545431008906,0.4513909987278447,0
Asia-Pacific,0,3.58351893845611,2025,0,0,0.1659069694687918,-0.08753895520940586,0.41935289414698973,0
Europe (EU-27),0,4.762173934797756,2024,0,0,0.32879421854674856,0.05115746506748553,0.6064309720260113,1
Asia-Pacific,0,6.437751649736401,2021,0,0,0.08566477017139418,-0.06599094467721847,0.2373204850200068,0
Europe (EU-27),0,0.0,2024,0,0,0.28773890377073524,0.02117803255690781,0.5542997749845627,1
Asia-Pacific,0,5.484796933490655,2020,0,0,0.263187627922448,-0.06638312567882787,0.5927583815237238,0
North America,0,0.0,2025,1,0,0.23607665784651274,-0.052178218342460086,0.5243315340354855,0
Asia-Pacific,0,1.9459101490553132,2025,0,0,0.116570094236154,-0.1083284733741776,0.3414686618464858,0
Asia-Pacific,0,3.2188758248682006,2025,0,0,0.15224749418819133,-0.126723659157406,0.43121864753378836,0
Asia-Pacific,0,5.288267030694535,2025,0,0,0.23139160333863784,-0.14376927074633333,0.6065524774236086,0
Europe (EU-27),0,4.574710978503383,2025,0,0,0.2466071857981081,0.014568900951854091,0.47864547064436197,1
Africa,0,0.6931471805599453,2023,0,0,0.2073913903971701,-0.06370532514897387,0.478488105943314,0
Asia-Pacific,0,3.1354942159291497,2025,0,0,0.15728294826190561,-0.10577355761708077,0.420339454140892,0
North America,1,4.382026634673881,2025,0,0,0.2314871319809988,-0.034848534360377575,0.49782279832237497,0
Asia-Pacific,0,3.912023005428146,2025,0,0,0.15206592943253744,-0.08975936563401854,0.3938912244990944,0
Latin America,0,0.0,2024,0,1,0.23666603904991224,-0.06580428031978339,0.5391363584196074,0
Asia-Pacific,1,9.014933575633572,2025,0,0,0.011879563648555119,-0.13765917296981478,0.16141830026692502,0
Asia-Pacific,0,5.288267030694535,2018,0,0,0.2406792932730768,-0.05833644729070897,0.5396950338368627,0
Asia-Pacific,0,4.04305126783455,2020,0,0,0.15518936283040147,-0.10665332791611945,0.4170320535769222,0
Asia-Pacific,0,2.0794415416798357,2024,0,0,0.15233466352481798,-0.12933189461727193,0.4340012216669077,0
Asia-Pacific,1,4.927253685157205,2024,0,0,0.17738349136781467,-0.03955587084232698,0.3943228535779558,0
Asia-Pacific,0,8.104401307921613,2023,0,0,-0.08753464051825208,-0.25910990291439984,0.08404062187789549,0
Asia-Pacific,0,5.6131281063880705,2015,0,0,0.21545902947101483,-0.06344038895385362,0.49435844789588324,0
Asia-Pacific,1,8.68710472813351,2020,0,0,0.023331366310396656,-0.09400914804179297,0.14067188066258626,0
Asia-Pacific,0,4.290459441148391,2024,0,0,0.14359763059277914,-0.13949991811089008,0.4266951792964484,0
Latin America,1,6.8966943316227125,2024,0,0,0.1170275043981265,-0.01721279544662606,0.251267804242879,0
Asia-Pacific,1,5.6131281063880705,2020,0,0,0.2552896655121557,-0.08172587740262444,0.5923052084269358,0
Africa,0,7.115582126184454,2023,0,0,0.09729467750547773,-0.092259994882688,0.28684934989364336,0
Latin America,0,0.0,2024,0,0,0.23666603904991224,-0.06580428031978339,0.5391363584196074,0
Asia-Pacific,1,10.30551341989678,2022,0,0,-0.00597436899039061,-0.19762028263340448,0.18567154465262325,0
Asia-Pacific,0,7.62608275807238,2020,0,0,0.01817029122033287,-0.10586344981473024,0.14220403225539596,0
North America,0,3.7376696182833684,2024,0,0,0.25390660141796645,0.07824312877134754,0.4295700740645854,1
North America,0,4.07753744390572,2024,0,0,0.24804204284455852,0.0390995491860755,0.4569845365030414,1
Asia-Pacific,1,8.517393171418904,2021,0,0,0.015092567560710778,-0.08366721048648958,0.1138523456079111,0
Asia-Pacific,0,2.4849066497880004,2016,0,0,0.1854329677762396,-0.0010199947732173476,0.3718859303256967,0
Middle East,1,0.0,2024,0,0,0.2206898276597878,-0.11152688499624797,0.5529065403158238,0
Europe (EU-27),0,5.823045895483019,2024,0,0,0.33160055195208193,0.039220472707256315,0.6239806311969073,1
Europe (EU-27),0,6.692083742506628,2024,0,1,0.11601426292494472,-0.11408953371296204,0.3461180595628515,0
Asia-Pacific,0,2.8903717578961645,2024,0,0,0.14593622139635243,-0.15621035469784925,0.4480827974905536,0
Asia-Pacific,0,6.331501849893691,2016,0,0,0.13880817684275412,-0.007450983336595135,0.28506733702210335,0
Asia-Pacific,0,5.1298987149230735,2015,0,0,0.21806367832283385,-0.0627739024519127,0.4989012590975803,0
Europe (EU-27),1,0.0,2024,0,1,0.2674296488615202,-0.030118796772588774,0.5649780944956291,0
Asia-Pacific,0,0.0,2024,0,0,0.20379346443002463,-0.11750828797560539,0.5250952168356545,0
Asia-Pacific,1,10.5839546799387,2020,1,0,-0.06404292698177315,-0.2646372866358332,0.1365514326722869,0
Asia-Pacific,0,0.0,2024,0,0,0.20379346443002463,-0.11750828797560539,0.5250952168356545,0
Asia-Pacific,0,7.2868764117507,2024,0,0,0.014034647667997311,-0.15950165515165926,0.1875709504876538,0
Asia-Pacific,0,3.4657359027997265,2024,0,0,0.17588908297936715,-0.07808129392514127,0.42985945988387564,0
Middle East,0,2.0794415416798357,2015,0,0,0.17936400250938825,-0.32181055704486417,0.6805385620636405,0
Asia-Pacific,0,9.952325334619427,2023,0,0,-0.08339268567211232,-0.29699199668370835,0.13020662533948368,0
Asia-Pacific,0,6.852242569051878,2023,0,0,0.02367380661983012,-0.17503895632699118,0.22238656956665137,0
Asia-Pacific,0,5.6240175061873385,2022,0,0,0.18764765150725415,-0.11593501973279333,0.4912303227473014,0
Europe (EU-27),1,4.605170185988092,2024,0,0,0.3080470318616661,-0.07201293259167318,0.6881069963150048,0
Europe (non EU-27),0,1.791759469228055,2022,0,0,0.17607599621413367,-0.06863339803872623,0.42078539046699337,0
North America,0,11.49273296168228,2023,0,1,0.0051458893073758625,-0.24333793424632857,0.25362971286108027,0
Asia-Pacific,0,2.3978952727983707,2024,0,0,0.13503244913781057,-0.22977426618879207,0.49983916446441357,0
Europe (EU-27),1,9.232688775639945,2024,0,1,0.053173672337266255,-0.24197656168419643,0.34832390635872873,0
North America,0,0.0,2024,0,0,0.24648598398279326,-0.030394884839301473,0.5233668528048881,0
Europe (EU-27),0,3.4657359027997265,2024,0,0,0.30116606337468516,0.055658670954127215,0.5466734557952438,1
Europe (EU-27),0,1.791759469228055,2024,0,0,0.2790040671858242,0.099297438537887,0.4587106958337616,1
Latin America,0,0.0,2020,0,0,0.2707144706277876,-0.12905335498357073,0.6704822962391459,0
Asia-Pacific,0,1.0986122886681098,2024,0,0,0.15263744429680112,-0.09481537228546955,0.4000902608790716,0
North America,1,1.9459101490553132,2023,0,0,0.216554776149106,-0.12255656911809001,0.5556661214163023,0
Europe (non EU-27),0,1.9459101490553132,2012,1,0,0.1348503827133368,-0.17971734417062973,0.44941810959730305,0
Middle East,0,0.0,2024,0,0,0.23666603904991224,-0.06580428031978339,0.5391363584196074,0
Asia-Pacific,0,5.796057750765372,2022,0,0,0.1365841767204322,-0.17043353688595803,0.4436018903268224,0
Asia-Pacific,0,3.8918202981106265,2024,0,0,0.1535933393397953,-0.08822601657799403,0.3954126952575847,0
Latin America,0,1.0986122886681098,2016,0,0,0.24101288791977493,-0.30680392542214824,0.788829701261698,0
Europe (EU-27),0,10.35780631486168,2013,1,0,-0.013527548794195618,-0.2677836079453927,0.24072851035700144,0
Asia-Pacific,0,3.332204510175204,2024,0,0,0.15862301826977687,-0.11997037293053706,0.43721640947009044,0
Asia-Pacific,0,0.6931471805599453,2024,0,0,0.16491392924077689,-0.09983785592822014,0.4296657144097738,0
Asia-Pacific,0,3.784189633918261,2023,0,0,0.16585785144096743,-0.08308242175941216,0.4147981246413464,0
Asia-Pacific,0,0.0,2022,0,0,0.17771007979438422,-0.16530485775036047,0.5207250173391287,0
Latin America,0,3.6888794541139363,2022,0,0,0.2205030533692711,-0.0865255977880651,0.5275317045266072,0
Latin America,0,6.2422232654551655,2024,0,0,0.24794250296853707,-0.04355408922332765,0.5394390951604017,0
Middle East,1,4.762173934797756,2023,0,0,0.2510019726525396,0.04394095296987524,0.45806299233520364,1
Latin America,0,4.795790545596741,2020,0,0,0.245115445737313,0.07403437305274213,0.41619651842188365,1
Latin America,0,7.362645270417825,2024,0,0,0.10619244631651363,-0.05356833969501297,0.26595323232804036,0
Asia-Pacific,0,6.320768294250582,2024,0,0,0.07199856864789209,-0.1641266720570675,0.3081238093528515,0
Asia-Pacific,0,6.803505257608338,2024,0,0,0.023334814412076837,-0.16149731074586976,0.20816693957002344,0
Asia-Pacific,0,3.784189633918261,2023,0,0,0.15789407724565388,-0.09214565930978197,0.4079338138010896,0
Asia-Pacific,0,6.313548046277095,2024,0,0,0.07152153278170789,-0.1645069063415183,0.3075499719049341,0
Asia-Pacific,1,3.367295829986474,2024,0,0,0.1736890933344008,-0.14299804090471088,0.4903762275735125,0
Europe (EU-27),0,0.0,2023,0,1,0.28316010977068135,-0.019602224190555684,0.5859224437319186,0
Asia-Pacific,0,1.3862943611198906,2024,0,0,0.1427048061586961,-0.07410260875451413,0.35951222107190633,0
North America,0,0.0,2022,0,1,0.22936312825429683,-0.14023169187262718,0.5989579483812209,0
Asia-Pacific,0,5.3706380281276624,2022,0,0,0.20166401441190676,-0.05130609022752222,0.4546341190513352,0
North America,1,12.462267920852137,2022,1,0,0.04711128882206748,-0.18231927109344598,0.27654184873758086,0
North America,0,7.153833801578843,2024,0,0,0.11729386474291267,-0.056847991589908706,0.2914357210757339,0
Asia-Pacific,0,1.9459101490553132,2024,0,0,0.12174581866945763,-0.1282782883508158,0.3717699256897308,0
Asia-Pacific,1,7.824445930877619,2023,0,0,0.021745507286400817,-0.13502956468425142,0.1785205792570529,0
Asia-Pacific,1,5.170483995038151,2023,0,0,0.18358162929618843,-0.03194858697033562,0.3991118455627124,0
Asia-Pacific,0,4.795790545596741,2023,0,0,0.20804705523223063,-0.13019831378770397,0.5462924242521654,0
Asia-Pacific,1,8.258422462458876,2023,0,0,-0.05984776008259378,-0.23729527234507597,0.11759975217988863,0
Asia-Pacific,0,0.0,2023,0,0,0.20297305588384273,-0.1276193186568977,0.5335654304245829,0
Asia-Pacific,0,7.018401799069201,2023,0,1,-0.08996200254897312,-0.2839373777791049,0.10401337268115857,0
Asia-Pacific,0,7.428927194802272,2023,0,1,-0.08635896731413528,-0.25951685811845104,0.08679892349018037,0
Europe (EU-27),0,6.423246963533519,2023,0,0,0.18832785632226204,-0.1209065598067858,0.4975622724513097,0
Europe (EU-27),0,3.970291913552122,2023,0,0,0.31022706441066117,-0.013325543279571028,0.6337796721008935,0
North America,0,5.616771097666572,2023,0,0,0.29073451371972786,-0.012702196559936652,0.5941712239993926,0
Europe (EU-27),0,5.375278407684165,2023,0,0,0.38690663951252763,0.06084129484292361,0.7129719841821308,1
Europe (EU-27),0,8.664923303440572,2023,0,1,0.03497701862651631,-0.21333742060414923,0.2832914578571819,0
Asia-Pacific,0,0.0,2023,0,0,0.20297305588384273,-0.1276193186568977,0.5335654304245829,0
Latin America,0,0.0,2021,0,0,0.2505525857241383,-0.09661916103989854,0.597724332488175,0
Asia-Pacific,0,4.2626798770413155,2023,0,0,0.15298875694142916,-0.1006805020643863,0.4066580159472444,0
Europe (EU-27),0,3.6635616461296463,2023,0,0,0.3097542663457943,0.013781080279884783,0.605727452411704,1
Europe (EU-27),0,2.772588722239781,2023,0,0,0.29184549742589,0.04632215417044608,0.5373688406813336,1
Latin America,1,1.0986122886681098,2021,0,0,0.21596348794276052,-0.08164821986713758,0.5135751957526588,0
Europe (EU-27),1,0.0,2023,0,0,0.2632760123578181,-0.037960552378968115,0.564512577094604,0
Asia-Pacific,0,5.799092654460526,2023,0,0,0.17423325369125112,-0.14208293256392313,0.49054943994642536,0
Europe (EU-27),0,0.0,2023,0,0,0.28316010977068135,-0.019602224190555684,0.5859224437319186,0
Asia-Pacific,0,3.6109179126442243,2023,0,0,0.16394952693156825,-0.0899055168997745,0.41780457076291133,0
Europe (EU-27),0,5.442417710521793,2023,0,0,0.3919226213719301,0.08527205177334457,0.6985731909705157,1
Asia-Pacific,0,2.0794415416798357,2023,0,0,0.12704032787508757,-0.12949972701893397,0.3835803827691089,0
Europe (non EU-27),0,6.842683282238422,2023,0,0,0.10750579566081142,-0.03442390424644949,0.24943549556807237,0
Latin America,0,3.4657359027997265,2023,0,0,0.23048560658608708,-0.02795590294133965,0.4889271161135144,0
Europe (EU-27),1,9.20391980417326,2022,0,1,0.0017959450624049442,-0.2800578300602602,0.2836497201850699,0
Asia-Pacific,1,6.26530121273771,2023,0,0,0.1440334410701892,-0.08558317784894964,0.37365005998932804,0
North America,0,8.790421306897867,2023,0,1,0.035492176737351895,-0.19770975681443723,0.26869411028914103,0
Europe (EU-27),0,0.0,2023,0,0,0.28316010977068135,-0.019602224190555684,0.5859224437319186,0
Latin America,0,6.364750756851911,2022,0,1,0.09787077632199467,-0.16106364602554052,0.35680519866952987,0
Asia-Pacific,1,10.203629181337648,2022,0,0,-0.004112227367600311,-0.19626987565978202,0.18804542092458135,0
Asia-Pacific,0,6.1779441140506,2023,0,0,0.14095476156449227,-0.11809799248636377,0.40000751561534814,0
Asia-Pacific,0,8.637462023807181,2023,0,0,-0.007156675694717206,-0.16227399675535562,0.14796064536592118,0
Europe (EU-27),0,0.0,2023,0,0,0.28316010977068135,-0.019602224190555684,0.5859224437319186,0
Latin America,0,6.208590026096629,2019,0,0,0.27047206340938296,-0.03675149449369025,0.5776956213124562,0
North America,0,12.113962839063479,2023,1,1,0.048817532189602796,-0.21507115975615312,0.31270622413535865,0
Asia-Pacific,1,7.4318919168078,2022,0,0,0.021334768477379248,-0.11289859092509955,0.15556812787985808,0
Middle East,0,11.790564777297387,2023,0,1,-0.00871463300850529,-0.2571137312382657,0.23968446522125508,0
Asia-Pacific,0,6.161207321695077,2022,0,0,0.134465667068171,-0.11934840576191708,0.3882797398982591,0
Asia-Pacific,1,8.408493774492896,2022,0,0,0.006188606450231853,-0.10836654409416836,0.12074375699463204,0
North America,0,6.238324625039508,2023,0,0,0.21996959082735637,-0.0607200894256113,0.5006592710803242,0
Europe (EU-27),0,5.6240175061873385,2023,0,1,0.3806293700766239,0.008105402564720532,0.7531533375885262,1
Middle East,0,10.868587496017359,2023,0,1,-0.00871463300850529,-0.2571137312382657,0.23968446522125508,0
Europe (EU-27),0,7.0909098220799835,2023,0,1,0.05643949167591184,-0.24781266312298722,0.36069164647481083,0
Latin America,0,10.551898839254681,2023,0,1,-0.00871463300850529,-0.2571137312382657,0.23968446522125508,0
Latin America,0,9.540363284917488,2023,0,1,-0.0036491718046283124,-0.2567155511590407,0.249417207549784,0
Asia-Pacific,1,7.193685818395112,2023,0,0,0.03158307018967087,-0.09655467275516463,0.15972081313450626,0
Europe (EU-27),0,6.2878585601617845,2023,0,0,0.2638395242477666,-0.09376860243614932,0.6214476509316823,0
Europe (non EU-27),0,0.0,2023,1,0,0.23414431584276615,-0.11012873605738491,0.578417367742917,0
Europe (EU-27),0,3.713572066704308,2023,0,0,0.24848979947258298,0.008978236753876129,0.48800136219128953,1
Europe (non EU-27),0,6.3080984415095305,2023,0,1,0.1802622827633618,-0.09022384145925127,0.45074840698597485,0
Europe (EU-27),0,6.419994928147142,2022,0,0,0.15424214620020663,-0.0658131914244994,0.3742974838249128,0
North America,0,4.04305126783455,2020,0,0,0.3220298968509754,0.059790244772009504,0.584269548929941,1
Latin America,0,2.1972245773362196,2023,0,0,0.20243211388593482,-0.12168530985611045,0.52654953762798,0
Asia-Pacific,0,2.70805020110221,2023,0,0,0.14928450509662386,-0.1429977201973002,0.44156673039054795,0
North America,0,4.04305126783455,2018,0,0,0.3436222173940086,0.09497139791854745,0.5922730368694699,1
Europe (EU-27),0,0.0,2017,0,0,0.3315918320723339,-0.011731850556516599,0.6749155147011843,0
Europe (EU-27),0,0.0,2016,0,0,0.29279117617023204,-0.2026097773580301,0.7881921296984944,0
Europe (EU-27),0,0.0,2013,0,0,0.1612119639310359,-0.39857156492311635,0.720995492785188,0
North America,0,2.3978952727983707,2021,0,0,0.27379303607742067,0.06951232277662525,0.47807374937821606,1
North America,0,2.0794415416798357,2010,0,0,0.10809867770395071,-0.21661921061251552,0.43281656602041696,0
North America,0,1.6094379124341003,2014,0,0,0.23063505258877476,-0.2569427331248003,0.7182128383023497,0
North America,0,1.0986122886681098,2015,0,0,0.2669722297641162,-0.2113014519366726,0.7452459114649054,0
North America,0,0.6931471805599453,2011,0,0,0.1558720861648113,-0.30347126306599637,0.6152154353956187,0
North America,0,7.558516743045645,2022,0,0,0.08877374771883426,-0.09246877752721251,0.27001627296488095,0
Europe (EU-27),1,0.0,2018,0,0,0.29767546305108433,-0.166289629163051,0.7616405552652195,0
North America,0,6.22455842927536,2023,0,0,0.24120661648887254,-0.01742345902790743,0.49983669200565234,0
Europe (EU-27),0,3.871201010907891,2017,0,0,0.3990492099566986,0.11492753528370686,0.6831708846296909,1
North America,0,0.0,2023,0,1,0.2433930100192863,-0.08721397063896477,0.5739999906775376,0
Europe (EU-27),0,5.303304908059076,2023,0,0,0.38821321439947104,0.05448322605819622,0.7219432027407453,1
Asia-Pacific,0,2.1972245773362196,2023,0,0,0.12307028081755396,-0.16847457167602303,0.414615133311131,0
Europe (EU-27),0,5.545177444479562,2023,0,0,0.3894308184459861,0.04839259454232542,0.7304690423496469,1
Europe (non EU-27),0,3.9318256327243257,2023,0,0,0.23343718050728585,-0.01640126566832592,0.4832756266828977,0
Europe (EU-27),0,3.2188758248682006,2017,0,0,0.36354410442620194,-0.12672807180278478,0.8538162806551882,0
Asia-Pacific,0,4.795790545596741,2022,0,0,0.17209361206077353,-0.10904484612160104,0.4532320702431481,0
Europe (non EU-27),0,5.5053315359323625,2022,0,0,0.30315279807140527,0.10077335391618958,0.5055322422266209,1
Europe (EU-27),0,5.198497031265826,2023,0,0,0.37383139973103696,0.042667251137268825,0.7049955483248055,1
North America,0,5.680172609017068,2022,0,1,0.27693267408292305,0.03120358904790535,0.5226617591179404,1
Asia-Pacific,0,1.3862943611198906,2022,0,0,0.09191841867410631,-0.13684038678920568,0.3206772241374183,0
Asia-Pacific,0,4.77912349311153,2021,0,0,0.20841860898094516,-0.1330051817122146,0.5498423996741048,0
Asia-Pacific,0,5.6240175061873385,2020,0,0,0.2517418198969072,-0.11344960923116554,0.6169332490249797,0
Asia-Pacific,0,4.948759890378168,2021,0,0,0.21076281640764494,-0.15668127461589001,0.5782069074311801,0
Asia-Pacific,0,4.5217885770490405,2022,0,0,0.13726897022999524,-0.16238620327132922,0.4369241437313196,0
Asia-Pacific,0,6.480044561926653,2021,0,0,0.07456843249550855,-0.0486013501633083,0.19773821515432544,0
Asia-Pacific,0,7.074963197966044,2022,0,0,0.008282235490098568,-0.1544810428426344,0.17104551382283148,0
North America,0,1.791759469228055,2013,0,0,0.1412544588615846,-0.23933606706063268,0.5218449847838016,0
Asia-Pacific,0,5.53338948872752,2020,0,0,0.2117937325476541,-0.01159176206926707,0.43517922716457524,0
Asia-Pacific,1,9.862717639992917,2021,0,0,-0.007949585964304838,-0.1787031783895474,0.1628040064609377,0
North America,0,8.9445502459405,2021,0,1,-0.008184469957151731,-0.2067050472971466,0.19033610738284307,0
North America,0,0.0,2022,0,0,0.22936312825429683,-0.14023169187262718,0.5989579483812209,0
Asia-Pacific,1,7.305860032684009,2022,0,0,0.021557505158061492,-0.0942294789910086,0.1373444893071315,0
North America,0,6.894670039433482,2022,0,0,0.101593888555865,-0.08890551278167282,0.29209328989340283,0
Asia-Pacific,0,6.601230118728877,2020,0,0,0.07091058240771247,-0.030887014757827902,0.17270817957325282,0
North America,0,8.53915035876828,2021,0,0,0.07302337006752697,-0.08406807105438581,0.23011481118943955,0
Europe (EU-27),0,5.117993812416755,2022,0,0,0.3522230046222014,0.054718820465106566,0.6497271887792964,1
North America,0,0.0,2020,0,0,0.2790139610496325,-0.08651515281211625,0.6445430749113815,0
Asia-Pacific,0,6.329720905522696,2022,1,0,0.08518054411478987,-0.07590372605875902,0.24626481428833868,0
Africa,1,5.641907070938114,2020,0,0,0.3418952966661402,-0.019037191189177627,0.7028277845214579,0
Asia-Pacific,0,7.846198815497425,2021,0,1,-0.12448532840038186,-0.32772768697259314,0.07875703017182932,0
Asia-Pacific,0,0.6931471805599453,2020,0,0,0.1831067478914548,-0.12389738110343895,0.4901108768863484,0
North America,1,12.624786269856633,2022,1,1,0.04711128882206748,-0.18231927109344598,0.27654184873758086,0
Europe (EU-27),1,6.329720905522696,2020,0,0,0.22005841104653134,-0.018995620534339897,0.4591124426274024,0
North America,0,9.09862638234618,2022,0,1,-0.0124057999201975,-0.26812187178215374,0.24331027194175872,0
Europe (non EU-27),0,4.418840607796598,2022,0,0,0.24410289618669595,0.031952948772248885,0.45625284360114304,1
Europe (EU-27),0,0.0,2020,0,0,0.31527243504450453,0.022204103369503847,0.6083407667195051,1
Europe (EU-27),0,6.776506992372183,2022,0,0,0.13273335578012077,-8.269299803850827e-05,0.26554940455827997,0
Europe (EU-27),0,4.709530201312334,2022,0,0,0.3217144929819808,-0.03031284378851201,0.673741829752474,0
Europe (EU-27),0,5.6240175061873385,2022,0,0,0.3603656423018122,0.04874042357413022,0.671990861029494,1
Europe (EU-27),0,4.736198448394496,2022,0,0,0.3384578228869554,-0.06865332936802421,0.7455689751419353,0
Asia-Pacific,0,1.9459101490553132,2015,0,0,0.19476589085298238,-0.37067533213604253,0.7602071138420071,0
Asia-Pacific,0,4.976733742420574,2019,0,0,0.3138941312219093,-0.018079828275886944,0.6458680907197054,0
Europe (EU-27),0,4.709530201312334,2020,0,0,0.42867954625921156,0.022225907775529796,0.8351331847428936,1
Europe (EU-27),0,6.028278520230698,2021,0,1,0.27673190569757544,-0.06753909298692312,0.6210029043820742,0
Europe (EU-27),0,2.302585092994046,2021,0,0,0.2794523085093254,-0.269443223697152,0.8283478407158028,0
Europe (EU-27),0,9.455323689894849,2022,0,1,-0.028864025631588786,-0.29455485177694823,0.23682680051377067,0
Europe (EU-27),0,3.7376696182833684,2019,0,0,0.4451639315025907,0.16581424414731516,0.724513618857866,1
Europe (EU-27),0,1.791759469228055,2021,0,0,0.287368538821646,-0.1650164229284245,0.7397535005717166,0
Europe (EU-27),0,1.6094379124341003,2019,0,0,0.2937169584136378,-0.07966434808794243,0.667098264915218,0
Europe (EU-27),0,1.3862943611198906,2018,0,0,0.3425752718393946,-0.049967668942964616,0.7351182126217538,0
Europe (EU-27),0,4.736198448394496,2016,0,0,0.3718685141933546,-0.10322586908495707,0.8469628974716661,0
Europe (EU-27),0,2.1972245773362196,2016,0,0,0.20681364793876003,-0.24749791225888285,0.661125208136403,0
Europe (EU-27),0,1.3862943611198906,2021,0,0,0.2793158372084484,-0.09826084748136893,0.6568925218982659,0
Europe (EU-27),0,4.736198448394496,2014,0,0,0.21459168300316467,-0.342094508775576,0.7712778747819052,0
Europe (EU-27),1,7.087573705557973,2021,0,0,0.12957312721159867,-0.007512095603362717,0.2666583500265599,0
Europe (EU-27),0,2.3978952727983707,2018,0,0,0.3299883294829631,-0.17090924296276078,0.8308859019286868,0
North America,0,0.0,2020,0,0,0.2790139610496325,-0.08651515281211625,0.6445430749113815,0
Europe (EU-27),0,6.171700597410915,2020,0,0,0.2675871090800064,-0.1829894916048752,0.7181637097648881,0
North America,0,8.251403065380556,2021,0,1,-0.005580601563045194,-0.24075686982926336,0.22959566670317294,0
Europe (EU-27),0,0.0,2017,0,0,0.3315918320723339,-0.011731850556516599,0.6749155147011843,0
Europe (EU-27),1,8.4096079807363,2022,0,1,0.01356215762196988,-0.3045052817415417,0.3316295969854814,0
Europe (EU-27),0,0.6931471805599453,2018,0,0,0.32967522816386396,0.014407434141063102,0.6449430221866648,1
Europe (EU-27),1,8.878497403738631,2021,0,1,0.0034674949850334908,-0.20654950412212555,0.2134844940921925,0
North America,0,1.9459101490553132,2019,0,0,0.28613662054496425,-0.09585561206234128,0.6681288531522698,0
Europe (EU-27),0,7.29505641646263,2021,0,0,0.11657928685694777,-0.04902276485925991,0.28218133857315536,0
Europe (EU-27),0,4.634728988229636,2016,0,0,0.34187151661185816,-0.09720549677046303,0.7809485299941796,0
Europe (non EU-27),1,5.808142489980444,2020,0,0,0.2883921904117811,-0.022470816518466996,0.5992551973420291,0
Europe (non EU-27),0,3.912023005428146,2020,0,0,0.3430645621852964,0.1821870186368791,0.5039421057337135,1
Europe (non EU-27),0,4.174387269895637,2022,0,0,0.24201580337344475,-0.005516631151112283,0.48954823789800217,0
Europe (non EU-27),0,4.07753744390572,2020,0,0,0.35272810359614837,0.17738534991513072,0.5280708572771661,1
Europe (non EU-27),0,10.351245572834545,2022,0,1,0.029069050845957355,-0.1810687601984302,0.23920686189034485,0
Europe (non EU-27),1,7.153833801578843,2021,0,0,0.09514149857881192,-0.022488267486981517,0.21277126464460527,0
Europe (non EU-27),0,10.645448706505872,2021,0,1,-0.044887939663684304,-0.24837774653028988,0.1586018672029212,0
Europe (non EU-27),0,5.081404364984463,2019,0,0,0.4028528369439875,0.04842833017857345,0.7572773437094011,1
Europe (non EU-27),0,12.76683349192158,2021,1,1,0.034853703330662705,-0.17258678624881837,0.24229419291014376,0
Europe (non EU-27),0,3.367295829986474,2015,0,0,0.23664328777368898,-0.11669879087648888,0.5899853664238668,0
Europe (non EU-27),0,1.791759469228055,2012,0,0,0.08095046336827778,-0.39149587356373794,0.5533968003002935,0
Europe (EU-27),0,6.933423025730715,2022,0,0,0.12055264773093495,-0.03583346109108773,0.2769387565529577,0
Europe (EU-27),0,0.0,2013,0,1,0.1612119639310359,-0.39857156492311635,0.720995492785188,0
Europe (EU-27),0,0.0,2018,0,0,0.3402043271601355,-0.02439849572284153,0.7048071500431121,0
Europe (EU-27),0,4.23410650459726,2014,0,1,0.15245244673032948,-0.30405146551111195,0.608956358971771,0
Europe (EU-27),0,0.0,2017,0,0,0.3315918320723339,-0.011731850556516599,0.6749155147011843,0
Europe (EU-27),0,4.30406509320417,2016,0,0,0.22579904193964642,0.027008802957393968,0.42458928092189885,1
Europe (EU-27),0,1.3862943611198906,2015,0,1,0.21932459217579717,-0.2225993695778161,0.6612485539294103,0
Europe (EU-27),0,1.3862943611198906,2010,0,1,-0.0011605636976664384,-0.470880162851153,0.46855903545582,0
Europe (EU-27),0,5.209486152841421,2021,0,1,0.3728629453054081,0.03683669839007536,0.7088891922207408,1
Europe (EU-27),0,6.423246963533519,2021,0,0,0.12201804173617788,-0.19547793552596207,0.43951401899831766,0
Europe (EU-27),1,7.451241684987676,2022,0,0,0.12293937441288551,-0.04737480389221904,0.2932535527179899,0
Europe (EU-27),0,3.367295829986474,2019,0,0,0.423537343244101,0.14364026297901722,0.7034344235091847,1
Europe (EU-27),1,7.60339933974067,2022,0,0,0.1211635159793879,-0.0480547477741429,0.2903817797329187,0
Europe (EU-27),0,0.0,2012,0,0,0.13229070988985409,-0.4128499888813846,0.6774314086610927,0
North America,0,5.081404364984463,2019,0,0,0.3737625488497445,0.06355968375569448,0.6839654139437944,1
Europe (EU-27),0,0.0,2012,0,0,0.13229070988985409,-0.4128499888813846,0.6774314086610927,0
Europe (EU-27),0,0.0,2012,0,0,0.13229070988985409,-0.4128499888813846,0.6774314086610927,0
Europe (EU-27),0,0.0,2012,0,0,0.13229070988985409,-0.4128499888813846,0.6774314086610927,0
Europe (EU-27),0,0.6931471805599453,2011,0,0,0.06138057251058852,-0.5744425827933941,0.697203727814571,0
Europe (non EU-27),0,0.6931471805599453,2016,0,0,0.2445473223352231,-0.2143858360077288,0.7034804806781748,0
Europe (non EU-27),0,0.0,2022,0,0,0.21990690212143274,-0.18682208041935036,0.6266358846622159,0
North America,0,6.930494765951626,2020,0,1,-0.014510252247171306,-0.23051965177493447,0.2014991472805918,0
North America,0,6.930494765951626,2020,0,1,-0.014510252247171306,-0.23051965177493447,0.2014991472805918,0
Europe (non EU-27),0,4.2626798770413155,2016,0,0,0.30759825673119534,0.0433972036361337,0.5717993098262567,1
Europe (non EU-27),0,12.815623520192283,2021,1,1,0.034853703330662705,-0.17258678624881837,0.24229419291014376,0
North America,0,6.930494765951626,2020,0,1,-0.014510252247171306,-0.23051965177493447,0.2014991472805918,0
Europe (non EU-27),0,7.404887575616125,2020,0,1,-0.03257539977161991,-0.2684082150658184,0.20325741552257856,0
Europe (non EU-27),0,10.099917450331914,2021,0,1,-0.04154690425392008,-0.25434976403359777,0.17125595552575754,0
Europe (non EU-27),0,11.562867346610785,2021,1,1,-0.03227242895376046,-0.22213427262683566,0.15758941471931473,0
North America,0,6.930494765951626,2020,0,1,-0.014510252247171306,-0.23051965177493447,0.2014991472805918,0
Europe (non EU-27),0,0.0,2021,0,1,0.2505525857241383,-0.09661916103989854,0.597724332488175,0
Europe (non EU-27),0,0.6931471805599453,2020,0,0,0.24872500707069606,-0.09745127850187935,0.5949012926432713,0
Europe (non EU-27),0,5.1298987149230735,2020,0,0,0.35948276378079325,0.010276229116127078,0.7086892984454594,1
Europe (non EU-27),0,0.6931471805599453,2017,0,0,0.2609858466222386,-0.13981807198805685,0.6617897652325341,0
Europe (non EU-27),0,3.8066624897703196,2015,0,0,0.25992467823926707,-0.11585796067867282,0.6357073171572067,0
North America,0,6.930494765951626,2020,0,1,-0.014510252247171306,-0.23051965177493447,0.2014991472805918,0
Europe (non EU-27),0,1.0986122886681098,2021,0,0,0.2214783549199473,-0.08374268284332731,0.5266993926832217,0
Europe (non EU-27),0,0.0,2019,0,0,0.28501880646198613,-0.15893723776214103,0.7289748506861136,0
Europe (non EU-27),0,8.160803920954665,2021,0,0,0.07263068759104489,-0.04903881888362126,0.19430019406571097,0
Europe (non EU-27),0,1.3862943611198906,2021,0,0,0.22662237205840974,-0.07454801297199068,0.5277927570888103,0
Europe (non EU-27),0,1.0986122886681098,2020,0,0,0.2511152867381546,-0.16601487948819038,0.6682454529644992,0
Europe (non EU-27),0,5.755742213586912,2021,1,0,0.2194308704010768,-0.020837898456837922,0.4596996392589915,0
Europe (non EU-27),0,8.441822884391462,2021,0,1,-0.02301633595216891,-0.2404032798789426,0.19437060797460476,0
Europe (non EU-27),0,1.3862943611198906,2013,0,0,0.11569513823016188,-0.30942366963232604,0.5408139460926499,0
Europe (non EU-27),0,0.0,2020,0,1,0.2707144706277876,-0.12905335498357073,0.6704822962391459,0
Europe (non EU-27),0,3.367295829986474,2017,0,1,0.3302933568771614,0.02753334842607541,0.6330533653282466,1
Europe (non EU-27),0,11.759793355371237,2021,1,1,-0.03227242895376046,-0.22213427262683566,0.15758941471931473,0
Europe (non EU-27),0,0.0,2021,0,1,0.2505525857241383,-0.09661916103989854,0.597724332488175,0
North America,0,3.9512437185814275,2016,0,0,0.29388165265592414,0.021305433540121488,0.5664578717717268,1
Europe (non EU-27),0,1.791759469228055,2014,0,0,0.1956540420615097,-0.3228873551387449,0.7141954392617642,0
Europe (non EU-27),0,1.791759469228055,2014,0,0,0.1956540420615097,-0.3228873551387449,0.7141954392617642,0
Europe (non EU-27),0,3.1354942159291497,2014,0,0,0.2005915412357725,-0.12257300285656503,0.52375608532811,0
Europe (non EU-27),0,2.0794415416798357,2019,0,0,0.2716515181281022,-0.17983319154333793,0.7231362277995423,0
Europe (non EU-27),0,0.0,2021,0,1,0.2505525857241383,-0.09661916103989854,0.597724332488175,0
Europe (non EU-27),0,3.4339872044851463,2021,0,0,0.28588226928197863,-0.04354170074644437,0.6153062393104021,0
Europe (non EU-27),0,6.720220155135295,2020,0,1,0.009786339175146735,-0.19787736666183994,0.2174500450121334,0
Europe (non EU-27),0,4.727387818712341,2020,0,1,0.358285111078314,0.12985623006436633,0.5867139920922619,1
Europe (non EU-27),0,12.676079399771027,2021,1,1,0.034853703330662705,-0.17258678624881837,0.24229419291014376,0
Europe (non EU-27),0,11.899336865271989,2021,1,1,0.034853703330662705,-0.17258678624881837,0.24229419291014376,0
North America,0,5.393627546352362,2015,0,0,0.3060694762124332,-0.0567606014090547,0.668899553833921,0
Europe (non EU-27),0,0.0,2010,0,1,0.15649950904166937,-0.266126571876656,0.5791255899599944,0
Europe (non EU-27),0,4.110873864173311,2013,0,1,0.1398653599158647,-0.19070433327526634,0.47043505310699585,0
