CATE_dml,CATE_t_learner,log_capacity,years_since_announce,region_eu,region_na,region_asia,post_cbam_proposal,sponsor_corporate
-0.006640939315396824,0.014107100321362268,8.202756381655638,6.0,1,0,0,0,0
0.02462070688793838,-0.017075514474185274,10.089510583746897,5.0,1,0,0,1,0
0.07628720073954136,0.11646314662571208,5.707110264748875,6.0,1,0,0,0,0
0.17596424462665866,0.07339832971108273,6.90875477931522,5.0,1,0,0,1,0
0.06336175005552964,0.2778635249092086,2.3978952727983707,12.0,0,1,0,0,0
-0.005607918342212045,-0.020086081373188958,8.989319566042951,4.0,1,0,0,1,0
0.024730628614588107,-0.015430906846732248,10.101108146619252,5.0,1,0,0,1,0
0.02064127069518361,0.024049648100180343,9.707898368741269,5.0,1,0,0,1,0
-0.1058955442666244,0.29125728221050295,2.833213344056216,17.0,1,0,0,0,0
0.08149607028928003,0.2121763636927333,1.9459101490553132,11.0,1,0,0,0,0
0.09196659619263224,0.28156920576185873,2.0794415416798357,21.0,1,0,0,0,0
-0.07908713402040551,0.2822875580438221,2.8903717578961645,21.0,1,0,0,0,0
-0.11282516933300385,0.2913644250676458,2.8903717578961645,17.0,1,0,0,0,0
-0.16584443489127776,0.2838768635525362,4.02535169073515,21.0,1,0,0,0,0
0.09521183905783262,0.29010365765011303,0.0,25.0,1,0,0,0,0
0.09521183905783262,0.29010365765011303,0.0,29.0,1,0,0,0,0
0.11121191660178414,0.2923877586318045,1.0986122886681098,15.0,1,0,0,0,0
-0.14403193344478565,0.2663525409479858,3.5553480614894135,19.0,1,0,0,0,0
0.11121545691602762,0.08161072525357732,5.860786223465865,5.0,1,0,0,1,0
0.016382753315217956,0.02802037555684935,9.61587214452889,5.0,1,0,0,1,0
0.00448769734098429,0.10399750056046474,0.0,6.0,0,1,0,0,0
0.015224794785593854,0.026573753839107428,10.949331775665582,6.0,1,0,0,0,0
0.024072945029063084,0.0440757763094925,10.596659732783579,5.0,1,0,0,1,0
0.012237590632849103,-0.07535413360554254,8.006700845440367,6.0,1,0,0,0,0
0.012477369573267838,-0.03628456916984858,10.043292972227004,6.0,1,0,0,0,0
0.042328894987502176,-0.014320913230638735,11.55418256481843,4.0,1,0,0,1,0
-0.0028111771937442145,0.1215257908156304,3.332204510175204,7.0,1,0,0,0,0
0.013598250222953669,0.029495914213213535,4.990432586778736,4.0,1,0,0,1,0
0.029222658978437618,0.035089591381530665,5.680172609017068,4.0,1,0,0,1,0
0.015483881172809402,0.1249259518850802,4.990432586778736,7.0,1,0,0,0,0
0.029540371668809497,0.2877203133096556,4.07753744390572,13.0,0,1,0,0,0
0.07305994020330066,0.11685137681657387,5.680172609017068,6.0,1,0,0,0,0
-0.030323845551310454,-0.036228269996599796,8.006700845440367,5.0,1,0,0,1,0
0.03689831009259449,0.12022088237227088,4.990432586778736,5.0,1,0,0,1,0
0.010532134454659612,0.1236583643944237,4.709530201312334,7.0,1,0,0,0,0
0.050999076972630966,0.03347514959574364,11.441171642706838,5.0,1,0,0,1,0
0.026699613091112687,0.17140213895006326,3.5553480614894135,9.0,1,0,0,0,0
-0.00398224482895942,0.15945469270292187,2.9444389791664403,8.0,1,0,0,0,0
0.023115495934191772,0.17125630561672994,3.6635616461296463,9.0,1,0,0,0,0
0.034985397456914966,0.16593913511792507,0.0,10.0,1,0,0,0,0
0.05226633897352334,0.16312917641006042,2.1972245773362196,10.0,1,0,0,0,0
0.13616856213775969,0.10872818706750534,6.2422232654551655,5.0,1,0,0,1,0
-0.018743883476569485,0.09436058773500844,5.081404364984463,6.0,0,1,0,0,0
0.015483881172809402,0.1249259518850802,4.990432586778736,7.0,1,0,0,0,0
0.0039319477854975774,0.05052709570475217,10.239995502805316,9.0,1,0,0,0,0
0.04102991886660159,0.17449285497060496,3.6635616461296463,10.0,1,0,0,0,0
0.07800573514980966,0.213312225001312,2.772588722239781,11.0,1,0,0,0,0
0.08416374238916137,0.28476546518370865,0.0,15.0,1,0,0,0,0
0.08416374238916137,0.28476546518370865,0.0,15.0,1,0,0,0,0
0.03928879871435282,0.17449285497060496,3.912023005428146,10.0,1,0,0,0,0
0.09055348895468657,0.2778259034605898,0.0,19.0,1,0,0,0,0
-0.15056676800172228,0.2916982476713221,3.713572066704308,16.0,1,0,0,0,0
-0.19005065538543578,0.2674601191433543,3.9512437185814275,19.0,1,0,0,0,0
-0.01824890473238517,0.2422774286371291,2.70805020110221,19.0,1,0,0,0,0
0.15782522146019756,0.28461127261875674,0.6931471805599453,28.0,1,0,0,0,0
-0.10235862235862539,0.2705045113143039,3.8918202981106265,19.0,0,0,0,0,0
0.08913905382230286,0.061795803549719294,5.7745515455444085,5.0,0,0,0,1,0
0.007513328353315158,0.168941184535791,3.8918202981106265,9.0,0,0,0,0,0
0.040627564569039765,0.2132107126106158,4.04305126783455,11.0,0,0,0,0,0
0.032669916280219605,0.18052949592115344,5.707110264748875,10.0,0,0,0,0,0
0.04024897771535534,0.2915177417829736,1.791759469228055,17.0,0,0,0,0,0
-0.11759169549199139,0.2919810763227365,4.04305126783455,17.0,0,0,0,0,0
0.06309608874245388,0.284736209728486,0.0,17.0,0,0,0,0,0
-0.12662503039644823,0.29203940965606984,4.23410650459726,17.0,0,0,0,0,0
0.05682471880784023,0.29126620481492593,0.6931471805599453,18.0,0,1,0,0,0
0.15156821970969414,0.0452375369785675,5.902633333401366,6.0,1,0,0,0,0
0.037828306311497834,0.2883181295853005,1.791759469228055,20.0,0,1,0,0,0
0.06952785642091652,0.291469705434332,0.0,21.0,0,1,0,0,0
0.021414111291496472,0.11528534679818891,0.0,5.0,0,0,0,1,0
0.021414111291496472,0.11528534679818891,0.0,5.0,0,0,0,1,0
0.011965224939169485,0.03259820105534582,10.308985993422082,5.0,0,0,0,1,0
0.12065970146665256,0.1742885623365934,5.8377304471659395,11.0,1,0,0,0,0
0.02778004104075206,0.28735931981081647,2.0794415416798357,21.0,0,1,0,0,0
0.010663505116709958,0.12342756957649652,4.6443908991413725,7.0,1,0,0,0,0
0.08711015968709011,0.0247728991480883,6.0844994130751715,4.0,1,0,0,1,0
0.19627847670903595,0.08448708176368,6.688354713946762,5.0,1,0,0,1,0
0.12552838477887157,0.07382967738553635,7.443663683115591,5.0,1,0,0,1,0
-0.007413424526405552,0.014073316728832455,9.012011377036412,7.0,1,0,0,0,0
-0.043291309996033055,0.05248022250795906,8.073091199693154,5.0,1,0,0,1,0
0.21240188347912256,0.0692583617750844,7.335633981927201,6.0,1,0,0,0,0
0.059125722518760984,0.27799437379006653,0.6931471805599453,19.0,0,1,0,0,0
-0.009778525574890447,-0.047307731191237795,7.972810784121404,5.0,1,0,0,1,0
0.007506337379064939,0.006855138817936368,9.577064651767916,7.0,1,0,0,0,0
0.2180455402092296,0.07292706008203524,7.2868764117507,7.0,1,0,0,0,0
-0.020051494358529622,0.040840073701731566,8.987321812850125,5.0,1,0,0,1,0
-0.0036918155994198963,0.0063297701284885585,9.210440366976517,6.0,1,0,0,0,0
0.02439406882529356,-0.011624480964309666,10.165890277802454,5.0,1,0,0,1,0
0.025486766543922148,0.015222595000931358,11.225256725762893,6.0,1,0,0,0,0
0.22597121936485456,0.07082984351828447,7.208600337960199,6.0,1,0,0,0,0
-0.012202096206075133,0.018366759740769567,8.294299608857235,7.0,1,0,0,0,0
0.021131177661830987,-0.03480459218549074,9.745956164549392,5.0,1,0,0,1,0
0.010189430353506241,0.0018352517847272098,9.608646582885868,6.0,1,0,0,0,0
0.05939172277401421,0.167328554583692,5.707110264748875,8.0,1,0,0,0,0
-0.17022219657786014,0.29202300257328284,4.6443908991413725,16.0,1,0,0,0,0
0.07712739517924637,0.2917194366339426,1.6094379124341003,17.0,1,0,0,0,0
0.08178442816400663,0.29167776996727596,1.6094379124341003,18.0,1,0,0,0,0
0.06325476503024255,0.28990225309500367,0.6931471805599453,24.0,0,1,0,0,0
0.013467940602601461,0.026637278743435314,10.375551557748782,6.0,1,0,0,0,0
0.0021474747700006894,-0.003494421532378611,9.305741456739435,6.0,1,0,0,0,0
0.02743931929560278,0.11254173052596736,4.61512051684126,6.0,1,0,0,0,0
0.029246659044946926,0.03598419032944862,11.132191993081248,5.0,1,0,0,1,0
0.024401960428071058,0.043418678800631355,10.739153740836397,5.0,1,0,0,1,0
-0.029449246070476835,0.2860913402362698,2.8903717578961645,24.0,0,1,0,0,0
-0.01589875642909461,-0.0492961075442679,8.542080906924017,6.0,1,0,0,0,0
0.014152514108891956,0.02860111604518479,9.588845298501564,5.0,1,0,0,1,0
-0.045831021560342425,0.0317629808521696,8.385032287813898,5.0,1,0,0,1,0
0.021131177661830987,-0.03480459218549074,9.745956164549392,5.0,1,0,0,1,0
0.021083908365952225,0.027156044201734557,9.682404377188837,5.0,1,0,0,1,0
0.02190381872779466,-0.045201083349615506,9.682404377188837,4.0,1,0,0,1,0
-0.0544713795802365,0.2921301454304257,4.74493212836325,15.0,1,0,0,0,0
-0.04557300494169292,0.0569120290248731,8.255568653283746,5.0,1,0,0,1,0
0.04291758463119946,-0.06231034406664769,12.170155270343374,5.0,0,1,0,1,0
0.00425270927942303,0.161034155013898,4.727387818712341,8.0,1,0,0,0,0
0.020894539695834095,0.02604022860804256,9.684149252062896,5.0,1,0,0,1,0
0.20280765123792305,0.12326864166361234,7.170888478512505,8.0,1,0,0,0,0
0.11466909668460853,0.2917194366339426,1.6094379124341003,14.0,1,0,0,0,0
0.02524599882373122,0.17312155277540192,4.990432586778736,9.0,1,0,0,0,0
0.02149831897226469,0.17125630561672994,3.8066624897703196,9.0,1,0,0,0,0
0.007781737625640251,0.29162136719672416,3.4011973816621555,15.0,1,0,0,0,0
0.02444706759795723,0.17312155277540192,4.976733742420574,9.0,1,0,0,0,0
0.05911109740008866,0.2151389508524116,5.081404364984463,11.0,1,0,0,0,0
0.08062369654826249,0.21150658054327462,2.0794415416798357,11.0,1,0,0,0,0
0.030791412976313864,0.1731929813468305,5.147494476813453,9.0,1,0,0,0,0
0.05911109740008866,0.2151389508524116,5.081404364984463,11.0,1,0,0,0,0
0.046250129164057706,0.2905011845390518,5.272999558563747,12.0,1,0,0,0,0
0.05873319200706408,0.27587048508518636,2.5649493574615367,15.0,1,0,0,0,0
0.10195135251893003,0.2896619536697506,3.4011973816621555,12.0,1,0,0,0,0
-0.053739051329741265,0.2923009342004792,5.081404364984463,15.0,1,0,0,0,0
0.08416374238916137,0.28476546518370865,0.0,15.0,1,0,0,0,0
0.05407576775863486,0.3358595167517904,13.74182526569959,4.0,0,1,0,1,0
0.04265085861333218,0.2916414038960518,5.081404364984463,13.0,1,0,0,0,0
0.09844068846691068,0.2908251909295639,3.4657359027997265,13.0,1,0,0,0,0
0.03772774812636606,0.17554616139843923,4.61512051684126,10.0,1,0,0,0,0
0.04265085861333218,0.2916414038960518,5.081404364984463,13.0,1,0,0,0,0
-0.053739051329741265,0.2923009342004792,5.081404364984463,15.0,1,0,0,0,0
0.04030895160150778,0.29202300257328284,4.5217885770490405,14.0,1,0,0,0,0
0.05911109740008866,0.2151389508524116,5.081404364984463,11.0,1,0,0,0,0
-0.17004754120936857,0.2923009342004792,5.081404364984463,16.0,1,0,0,0,0
-0.053739051329741265,0.2923009342004792,5.081404364984463,15.0,1,0,0,0,0
0.007781737625640251,0.29162136719672416,3.4011973816621555,15.0,1,0,0,0,0
0.024289398101057506,0.29238916949459687,5.225746673713202,14.0,1,0,0,0,0
-0.04709479081565657,0.29238916949459687,5.262690188904886,15.0,1,0,0,0,0
-0.03875388787662526,0.2919646692399495,4.07753744390572,15.0,1,0,0,0,0
-0.028869009781734983,0.2916982476713221,3.9512437185814275,15.0,1,0,0,0,0
-0.043350711703503714,0.29238916949459687,5.327876168789581,15.0,1,0,0,0,0
0.04875130707077986,0.17723208083718764,5.327876168789581,10.0,1,0,0,0,0
0.041996248400557185,0.2917296391901695,5.303304908059076,13.0,1,0,0,0,0
-0.0415131549337815,0.2926014501963512,5.3706380281276624,15.0,1,0,0,0,0
0.06469469776604705,0.26459454437751573,6.90875477931522,15.0,1,0,0,0,0
0.0010169547057947998,0.038492128147567396,5.902633333401366,5.0,0,1,0,1,0
0.09055348895468657,0.2778259034605898,0.0,19.0,1,0,0,0,0
0.09055348895468657,0.2778259034605898,0.0,19.0,1,0,0,0,0
0.07873327562273569,0.29162136719672416,3.4011973816621555,14.0,1,0,0,0,0
-0.06393730487723724,0.2293503557579767,5.7745515455444085,19.0,1,0,0,0,0
-0.06643183118960932,0.24607626206458744,5.8377304471659395,16.0,1,0,0,0,0
-0.1538958831658606,0.2916982476713221,3.784189633918261,16.0,1,0,0,0,0
-0.18543863125133572,0.2678050479482096,3.9889840465642745,19.0,1,0,0,0,0
-0.06643183118960932,0.24607626206458744,5.8377304471659395,16.0,1,0,0,0,0
-0.052772730062150004,0.23650472759064778,5.8377304471659395,19.0,1,0,0,0,0
0.0014847261630924575,0.09931064460075392,5.707110264748875,5.0,0,1,0,1,0
0.09055348895468657,0.2778259034605898,0.0,19.0,1,0,0,0,0
0.14865130686152966,0.26607542709225385,0.6931471805599453,19.0,1,0,0,0,0
-0.19005065538543578,0.2674601191433543,3.9512437185814275,19.0,1,0,0,0,0
-0.1856043938064477,0.2682649421690558,4.6443908991413725,19.0,1,0,0,0,0
0.09055348895468657,0.2778259034605898,0.0,19.0,1,0,0,0,0
-0.052772730062150004,0.23650472759064778,5.8377304471659395,19.0,1,0,0,0,0
-0.052772730062150004,0.23650472759064778,5.8377304471659395,19.0,1,0,0,0,0
0.1515099373927086,0.13618882564923115,5.955837369464831,8.0,1,0,0,0,0
0.17805186273067697,0.10473471789631053,5.996452088619021,6.0,1,0,0,0,0
0.0010169547057947998,0.038492128147567396,5.902633333401366,5.0,0,1,0,1,0
-0.029036887350378987,0.2813881222258193,6.059123195581797,24.0,1,0,0,0,0
0.020588697850419228,0.11079051645022542,3.8066624897703196,6.0,1,0,0,0,0
-0.002798662455611984,0.15975005376813656,3.8066624897703196,8.0,1,0,0,0,0
0.005841273984331568,0.10201793759211054,0.0,6.0,1,0,0,0,0
0.016402146359840487,0.011621544601223808,5.739792912179234,4.0,0,0,1,1,0
0.06836033351311704,0.040931495702808574,12.143782262102894,5.0,0,0,1,1,0
-0.04468213994357649,0.020397147843666585,3.2188758248682006,6.0,0,0,1,0,0
1.1109964348250971e-05,-0.040911856377114614,0.0,4.0,0,0,1,1,0
-0.08218849892978133,-0.16170616375901667,9.301186055275759,6.0,0,1,0,0,0
0.02302209431464966,-0.016337122902642838,5.902633333401366,4.0,0,0,1,1,0
0.01983978813015107,0.008576816530420542,6.643789733147672,4.0,0,0,1,1,0
0.013568350681394536,0.011727794601223808,5.707110264748875,4.0,0,0,1,1,0
-0.03564854266594463,-0.060679486568075244,8.38958706681109,4.0,0,0,1,1,0
0.05731870706434246,-0.05812915378378132,12.716900269294165,5.0,0,1,0,1,0
-0.043854803184418256,-0.018337356875620436,8.844480518460378,6.0,0,0,1,0,0
-0.03674391282198618,0.022692402083538895,4.820281565605037,6.0,0,0,1,0,0
0.013920814102791114,-0.05636142335362937,11.717016667458962,5.0,0,1,0,1,0
0.028870502897572883,0.25424765980138553,1.3862943611198906,17.0,0,0,1,0,0
-0.028622577127512306,-0.015004063317084428,10.081173380925554,6.0,0,0,1,0,0
0.027704591887959505,0.0015955451206335642,6.968850378341948,5.0,0,0,1,1,0
-0.0015324918851809081,-0.0008279570133169204,10.463131911491967,3.0,0,0,1,1,0
0.014228069908130707,-0.01129959266893507,11.418625774449596,4.0,0,0,1,1,0
0.05407576775863486,0.3358595167517904,13.122365377402328,4.0,0,1,0,1,0
0.04111743651144157,0.017965029582888932,6.68586094706836,5.0,0,0,1,1,0
-0.001593969737798807,-0.022328038371668475,0.0,5.0,0,0,1,1,0
0.05731870706434246,0.2293005058741003,13.454369943459026,5.0,0,1,0,1,0
0.006600131434236862,0.01901225706614075,2.6390573296152584,5.0,0,0,1,1,0
-0.029068994871545916,0.0238734580148718,5.278114659230517,6.0,0,0,1,0,0
0.00287859132384906,0.02856358898342943,2.0794415416798357,5.0,0,0,1,1,0
-0.03761934876722193,-0.01042263559112232,9.210440366976517,7.0,0,0,1,0,0
0.015647831052401605,0.0006186945232877733,7.404887575616125,6.0,0,0,1,0,0
0.013307213356223738,0.11203489189053038,0.0,5.0,0,1,0,1,0
-0.03514538669448665,0.023417357432944888,5.049856007249537,6.0,0,0,1,0,0
-0.04681242912007838,0.03346508359449151,3.4011973816621555,7.0,0,0,1,0,0
-0.038974491909710314,0.06893631735296812,0.6931471805599453,8.0,0,0,1,0,0
-0.05231834640321455,-0.04482556487992586,8.160803920954665,6.0,0,0,1,0,0
-0.03963941227311584,-0.010359396093971799,9.036106025364846,7.0,0,0,1,0,0
-0.029884589431206313,-0.05012302962733307,0.0,6.0,0,0,1,0,0
-2.5493850444042318e-05,0.028185058915855835,1.0986122886681098,5.0,0,0,1,1,0
0.015467762094696566,0.002863131067755882,7.404887575616125,5.0,0,0,1,1,0
-0.059375930476554296,0.11782276838981101,11.32293860465852,15.0,0,1,0,0,0
0.012027093706974178,0.030818897033129365,3.5263605246161616,5.0,0,0,1,1,0
-0.001593969737798807,-0.022328038371668475,0.0,5.0,0,0,1,1,0
0.026893277889400213,0.034415855382330565,5.5254529391317835,5.0,0,0,1,1,0
-0.051598293079864375,-0.11155815793800375,11.002116507732017,6.0,0,1,0,0,0
-0.029884589431206313,-0.05012302962733307,0.0,6.0,0,0,1,0,0
0.05627249522783429,0.03870471225358217,12.390421313012926,7.0,0,0,1,0,0
0.00978188562420334,-0.021831896968326037,11.225256725762893,5.0,0,0,1,1,0
-0.036533387178332426,0.02204099116874563,4.5217885770490405,6.0,0,0,1,0,0
-0.014915866611304267,0.09894330710319502,3.2188758248682006,9.0,0,0,1,0,0
-0.15892658590338835,-0.004712910769233136,8.517393171418904,16.0,0,1,0,0,0
-0.04721766478931959,-0.13424432162273855,8.006700845440367,6.0,0,0,1,0,0
0.012362036946836276,0.030601021480915196,5.902633333401366,8.0,0,0,1,0,0
-0.04184671276980025,0.034946896844382576,4.394449154672439,7.0,0,0,1,0,0
0.005218898076705143,-0.022970009517971096,11.156264806643742,5.0,0,0,1,1,0
0.01405230242469501,0.030818897033129365,3.9318256327243257,5.0,0,0,1,1,0
-0.0429495420275784,-0.014345042018988605,9.035510680940524,6.0,0,0,1,0,0
-0.02859278787662376,-0.014376475715711661,10.082386592528753,6.0,0,0,1,0,0
-0.051123302089359425,0.12201168924007197,11.48108385911407,15.0,0,1,0,0,0
0.024543382955693048,0.03128895103242358,6.46302945692067,6.0,0,0,1,0,0
-0.0007709298730577366,-0.020951392652834036,11.395154929235721,6.0,0,0,1,0,0
-0.0029562529172854025,0.10614866992942444,5.303304908059076,10.0,0,0,1,0,0
-0.04681242912007838,0.03346508359449151,3.4011973816621555,7.0,0,0,1,0,0
-0.016616696772627587,0.09932941674468894,3.8918202981106265,9.0,0,0,1,0,0
-0.03306071307454232,0.08539295397764461,5.170483995038151,8.0,0,0,1,0,0
-0.0007692978591100309,0.02073788515145264,0.0,9.0,0,0,1,0,0
-0.052947136318183784,0.11942532884264337,11.43107529148072,15.0,0,1,0,0,0
0.011121259857403481,0.26624650213732276,3.2188758248682006,15.0,0,0,1,0,0
0.027468637645490075,0.10962241893634354,2.1972245773362196,5.0,1,0,0,1,0
0.02062242497993605,-0.10954246421248848,9.994287576862567,4.0,1,0,0,1,0
0.08599671992628136,0.03466328417799969,12.337105293891872,4.0,0,0,0,1,0
0.1817141576618933,0.11069228542375242,6.035481432524756,7.0,1,0,0,0,0
0.13531779457509355,0.07390110595696492,7.38025578842646,5.0,1,0,0,1,0
-0.0458558484408487,0.0487562243820951,8.296297112642508,5.0,1,0,0,1,0
0.1958450536688049,0.11526232034104167,6.1779441140506,7.0,1,0,0,0,0
0.010414435283439926,-0.05704249931372754,9.811975152030021,6.0,1,0,0,0,0
0.05805670794000523,0.11800775209801304,5.480638923341991,6.0,1,0,0,0,0
0.20480629832085348,0.11389579470412396,6.267200548541362,6.0,1,0,0,0,0
0.007509524242276348,-0.06764434065448846,8.006700845440367,7.0,1,0,0,0,0
0.003337625440989202,0.15715867883163634,1.0986122886681098,8.0,1,0,0,0,0
0.03124084821244859,0.17312155277540192,5.081404364984463,9.0,1,0,0,0,0
0.015483881172809402,0.1249259518850802,4.990432586778736,7.0,1,0,0,0,0
0.024289590832308087,-0.012137638083524457,10.152415802824065,5.0,1,0,0,1,0
0.014253964837779394,0.027051966164287046,9.577064651767916,5.0,1,0,0,1,0
0.13531779457509355,0.07390110595696492,7.38025578842646,5.0,1,0,0,1,0
0.17334879625405264,0.09713399572546447,5.978885764901122,6.0,1,0,0,0,0
0.25647490308772913,0.13472710186595255,6.688354713946762,8.0,1,0,0,0,0
0.008906526558818491,0.006774195857804366,9.61587214452889,7.0,1,0,0,0,0
0.11225374589652996,0.2923877586318045,0.6931471805599453,15.0,1,0,0,0,0
-0.03138848537362839,0.28289937023656964,6.582025138892826,17.0,1,0,0,0,0
0.1595431414950945,0.28396904247403043,0.6931471805599453,20.0,1,0,0,0,0
0.07740702098505177,0.06052896076796221,12.206077645517674,7.0,1,0,0,0,0
0.07768573040271089,0.11915913985178406,12.367345048436391,8.0,1,0,0,0,0
0.0860536273699784,0.12035731229461505,11.954767502920442,5.0,1,0,0,1,0
0.08293223663030133,0.06173536011910683,12.611541086966115,7.0,1,0,0,0,0
0.2815325609925613,0.096762066997712,6.688354713946762,7.0,1,0,0,0,0
0.013321796019349536,0.11622223776802473,0.0,5.0,1,0,0,1,0
0.010643119719553486,-0.0614138507525436,9.745956164549392,6.0,1,0,0,0,0
0.2811480842191077,0.09150021662072463,6.811244378601294,6.0,1,0,0,0,0
0.12173522391970831,0.28317845863927826,1.791759469228055,23.0,1,0,0,0,0
0.07874837615225302,0.29096728879546613,3.871201010907891,13.0,1,0,0,0,0
0.011751598503564505,0.03397282563287628,10.491301994830229,5.0,0,0,0,1,0
-0.11287135417589636,0.2915476829861979,3.2188758248682006,16.0,1,0,0,0,0
0.013326004881280211,0.023364498182638242,9.458293602198967,5.0,1,0,0,1,0
-0.04631512645813685,0.040370790397285646,8.35983738064003,5.0,1,0,0,1,0
0.09399222993724635,0.07785473014781183,12.367345048436391,5.0,1,0,0,1,0
0.06105169983619524,0.12183785355376808,5.707110264748875,5.0,1,0,0,1,0
0.2309994595219574,0.1491612519892368,6.688354713946762,10.0,1,0,0,0,0
0.03470868844760726,0.17502034096500274,4.2626798770413155,10.0,1,0,0,0,0
0.057493727201751894,0.12234527283727095,5.680172609017068,5.0,1,0,0,1,0
0.14922935246557562,0.07421868169386607,7.313886831633462,5.0,1,0,0,1,0
0.1752928975806204,0.06803124473362913,7.496097345175956,6.0,1,0,0,0,0
0.090601934760419,0.0630188182300741,5.7745515455444085,5.0,1,0,0,1,0
0.2443033907770156,0.07539520616703517,6.933423025730715,7.0,1,0,0,0,0
0.20811652285510332,0.14014902011611097,6.870053411798126,9.0,1,0,0,0,0
0.08416374238916137,0.28476546518370865,0.0,15.0,1,0,0,0,0
0.08424985341434936,0.29125728221050295,2.833213344056216,14.0,1,0,0,0,0
-0.010806120300587549,0.26682946743114333,6.870053411798126,16.0,1,0,0,0,0
0.015826747329198237,0.2641044398032297,6.918695219020472,22.0,1,0,0,0,0
0.00033285629946812074,0.2696438775285435,7.247080584585756,22.0,1,0,0,0,0
0.0021319508094521677,0.2501435455111133,2.302585092994046,17.0,0,0,1,0,0
0.0011341383395632198,0.004527211858158483,4.219507705176107,4.0,0,0,1,1,0
0.00709026396793276,0.030269467340463707,2.833213344056216,5.0,0,0,1,1,0
0.0010953705534759702,0.005151960003030465,4.330733340286331,4.0,0,0,1,1,0
0.039485059271417516,0.018960650110420512,6.661854740545311,5.0,0,0,1,1,0
0.0009664589064251717,0.003813034368980996,3.970291913552122,4.0,0,0,1,1,0
0.008848674008172724,0.008427397512717196,5.393627546352362,4.0,0,0,1,1,0
-0.001593969737798807,-0.022328038371668475,0.0,5.0,0,0,1,1,0
-0.005373414647364269,0.00275026695482864,2.0794415416798357,4.0,0,0,1,1,0
0.002795800236746341,0.02827594671762556,1.6094379124341003,5.0,0,0,1,1,0
0.0199784586506323,0.002719907433804694,7.359467638255621,5.0,0,0,1,1,0
-0.001593969737798807,-0.022328038371668475,0.0,5.0,0,0,1,1,0
0.04916745822734996,0.19897769553831357,0.0,17.0,0,0,1,0,0
1.1109964348250971e-05,-0.040911856377114614,0.0,4.0,0,0,1,1,0
0.01653609724650885,-0.027857316293917453,5.902633333401366,6.0,0,0,1,0,0
-0.023809722486424052,-0.0038591733382529313,9.210440366976517,5.0,0,0,1,1,0
-0.044708858028473804,0.26205792422655766,6.6293632534374485,24.0,0,0,1,0,0
0.012506474065343855,0.030818897033129365,3.6375861597263857,5.0,0,0,1,1,0
0.027324472181396015,0.23181908316083782,5.860786223465865,14.0,0,0,1,0,0
1.1109964348250971e-05,-0.040911856377114614,0.0,4.0,0,0,1,1,0
0.03490235716110505,0.028134021967076633,6.580639137284949,5.0,0,0,1,1,0
0.045109250465209985,0.19740373520856763,0.0,16.0,0,0,1,0,0
-0.007112407346724532,-0.0008250365922347347,7.696667081526462,4.0,0,0,1,1,0
1.1109964348250971e-05,-0.040911856377114614,0.0,4.0,0,0,1,1,0
0.01456856073937542,0.013135342850381607,6.432940092739179,4.0,0,0,1,1,0
-0.014966562982598743,0.16017296751360965,5.198497031265826,8.0,0,0,0,0,0
-0.0005655179602139506,0.08913352417207457,2.1972245773362196,10.0,0,0,1,0,0
-0.015700868158794422,0.09894330710319502,3.1780538303479458,9.0,0,0,1,0,0
-0.02553678173801763,0.2370905481752126,9.31578088443418,14.0,0,0,1,0,0
-0.012854384999138702,0.08251238087052215,0.6931471805599453,9.0,0,0,1,0,0
0.043392302501063004,0.24998215468308163,1.3862943611198906,25.0,0,0,1,0,0
0.037594922169872216,0.24966372062530934,1.791759469228055,25.0,0,0,1,0,0
-0.010570010734541148,0.08330497046207419,1.6094379124341003,9.0,0,0,1,0,0
0.09831885955806721,0.06679705408490573,12.154784614286667,5.0,0,0,0,1,0
-0.012854384999138702,0.08251238087052215,0.6931471805599453,9.0,0,0,1,0,0
0.00012344632072499011,0.09059542706035484,0.6931471805599453,10.0,0,0,1,0,0
0.07644282414325601,0.33666385301054175,12.946701992345982,5.0,0,0,1,1,0
0.07062725129645951,0.2505476454099744,0.6931471805599453,12.0,0,0,1,0,0
0.07929827825244289,0.05642258016828138,12.611541086966115,7.0,0,0,0,0,0
0.03458569578489422,0.07956179659075775,6.803505257608338,8.0,0,0,1,0,0
0.014565482774005756,0.1575882319272458,3.367295829986474,11.0,0,0,1,0,0
-0.07007487867113643,0.2477569904434041,3.871201010907891,19.0,0,0,1,0,0
0.040152553556859316,0.233312895526566,1.6094379124341003,19.0,0,0,1,0,0
-0.04253396061673458,0.24569918232575783,2.995732273553991,19.0,0,0,1,0,0
-0.002851219325255864,-0.0004602547452547453,10.596659732783579,4.0,0,0,1,1,0
-0.0025557512085166907,-0.0011486686954256611,10.819798284210286,4.0,0,0,1,1,0
-0.002471840108503599,0.0035987486546952816,3.258096538021482,4.0,0,0,1,1,0
0.014168342670229773,0.03314005884476932,0.0,4.0,0,0,0,1,0
-0.002975233753155395,-1.2273319051413038e-06,7.804251383528112,5.0,0,0,1,1,0
1.1109964348250971e-05,-0.040911856377114614,0.0,4.0,0,0,1,1,0
0.025267739989172564,-0.009391704525796692,5.805134968916488,4.0,0,0,1,1,0
0.025541996821949565,-0.018806793091602825,11.51293546492023,5.0,0,0,1,1,0
-0.001593969737798807,-0.022328038371668475,0.0,5.0,0,0,1,1,0
0.009151622072322573,0.002633562047165189,7.509883061154913,5.0,0,0,1,1,0
-0.029087889970259805,0.023953850171734542,5.272999558563747,6.0,0,0,1,0,0
0.021260099818092553,0.002396525260422521,7.313886831633462,5.0,0,0,1,1,0
0.05911199832523625,0.19533196946785836,0.0,14.0,0,0,1,0,0
-0.036227383817353784,0.19006934321966826,8.37378460812088,14.0,0,0,1,0,0
1.1109964348250971e-05,-0.040911856377114614,0.0,4.0,0,0,1,1,0
-0.02370448357942501,-0.007994119951696375,10.819798284210286,6.0,0,0,1,0,0
0.057613239193436874,0.203557565620463,0.0,22.0,0,0,1,0,0
0.057987548828975236,0.021719073424648874,6.464588303689961,4.0,0,0,0,1,0
0.03525470423702158,0.040669242463687055,11.918397239722838,6.0,0,0,1,0,0
0.04390174860742205,0.027033464967772744,6.75110146893676,6.0,0,0,1,0,0
0.04390174860742205,0.027033464967772744,6.75110146893676,6.0,0,0,1,0,0
0.04390174860742205,0.027033464967772744,6.75110146893676,6.0,0,0,1,0,0
0.04390174860742205,0.027033464967772744,6.75110146893676,6.0,0,0,1,0,0
0.04390174860742205,0.027033464967772744,6.75110146893676,6.0,0,0,1,0,0
0.01742115539133332,0.28084719555915,2.1972245773362196,17.0,0,0,0,0,0
-0.0009951886070289056,-0.006521378208031859,10.91055091235213,5.0,0,0,1,1,0
0.05911199832523625,0.19533196946785836,0.0,14.0,0,0,1,0,0
-0.005029052325245382,0.10621533659609111,5.262690188904886,10.0,0,0,1,0,0
-0.002916060303006347,-0.004850364403270458,10.35780631486168,5.0,0,0,1,1,0
0.045109250465209985,0.19740373520856763,0.0,16.0,0,0,1,0,0
-0.0312228179074553,-0.11570553365846833,8.006700845440367,4.0,0,0,1,1,0
-0.03600147002229967,-0.03894523590894005,8.294299608857235,4.0,0,0,1,1,0
-0.0038940901513847105,-0.003242725458778917,10.085850775128717,4.0,0,0,1,1,0
-0.008764264441237285,0.10135209650978548,5.351858133476067,9.0,0,0,1,0,0
-0.06701806297876127,0.269000526938705,3.2188758248682006,19.0,0,0,0,0,0
0.012506474065343855,0.030818897033129365,3.6375861597263857,5.0,0,0,1,1,0
0.07158261625537786,0.2876869253524396,0.0,20.0,0,0,0,0,0
0.02794824050209893,0.025692190455104583,4.990432586778736,4.0,0,0,0,1,0
0.07120884128246266,0.28786073487624914,0.0,21.0,0,0,0,0,0
-0.0161857714758182,0.10547372483702507,2.9444389791664403,6.0,0,0,0,0,0
0.021414111291496472,0.11528534679818891,0.0,5.0,0,0,0,1,0
0.014168342670229773,0.03314005884476932,0.0,4.0,0,0,0,1,0
-0.1097557111038216,0.2873764992952735,4.564348191467836,30.0,0,0,0,0,0
-0.08100194734908697,0.28897363726222575,5.652489180268651,46.0,0,0,0,0,0
0.021414111291496472,0.11528534679818891,0.0,5.0,0,0,0,1,0
0.021414111291496472,0.11528534679818891,0.0,5.0,0,0,0,1,0
0.014168342670229773,0.03314005884476932,0.0,4.0,0,0,0,1,0
0.021414111291496472,0.11528534679818891,0.0,5.0,0,0,0,1,0
0.10184330248096349,0.33584248771046227,13.479040121341441,5.0,0,0,0,1,0
0.012764581119473413,-0.029651250404016644,0.0,0.0,0,0,1,1,0
-0.0007692978591100309,0.02073788515145264,0.0,9.0,0,0,1,0,0
-0.00201395073510166,-0.001729378390905561,10.375551557748782,0.0,0,0,1,1,0
-0.0015411996281125707,-0.0019650376147226797,10.308985993422082,0.0,0,0,1,1,0
-0.008474278605896562,-0.0022143442879181668,9.575052927597383,0.0,0,0,1,1,0
-0.018053900317527384,-0.001389696041085192,7.768110378525988,1.0,0,0,1,1,0
-0.0020574069545119525,-0.0008955907260420443,10.580937168488774,1.0,0,0,1,1,0
-0.002058099553967025,-0.000937257392708711,10.578699860459706,0.0,0,0,1,1,0
-0.02161367747158122,-0.0026239096221027775,9.153875834995056,0.0,0,0,1,1,0
0.006650625930582295,-0.0033459663460211706,5.910796644040527,0.0,0,0,1,1,0
0.0056602015526817625,0.006243796373762618,5.981414211254481,0.0,0,0,1,1,0
0.04192909999178677,0.03002343069037489,6.2166061010848646,0.0,1,0,0,1,0
-0.017718070536086133,-0.07852162327150478,9.301186055275759,0.0,0,1,0,1,0
0.004737738393043634,0.02205059296686263,6.6895992691789665,2.0,0,1,0,1,0
0.0850969745845136,0.28494060423493695,0.0,12.0,0,1,0,0,0
0.07986485989815012,0.35074727639362807,15.201805169084134,3.0,0,0,0,1,0
0.019897285888667272,0.051497707022975084,0.0,2.0,1,0,0,1,0
0.04364127059061928,0.1319549803555669,0.0,3.0,0,1,0,1,0
0.10162646422440424,0.0809227511504069,5.860786223465865,5.0,0,0,0,1,0
0.07499951784483935,0.035928083753000856,12.429220196836383,5.0,0,0,1,1,0
0.04364127059061928,0.1319549803555669,0.0,3.0,0,1,0,1,0
0.025541996821949565,-0.018806793091602825,11.51293546492023,5.0,0,0,1,1,0
0.06245555909328912,0.19126662680971374,0.0,12.0,0,0,1,0,0
0.03130856540197482,-0.001735371168692941,5.902633333401366,0.0,1,0,0,1,0
0.013853848125568665,0.03568146039678311,5.272999558563747,0.0,1,0,0,1,0
0.02354006121734526,0.04914224047243539,0.0,1.0,0,0,0,1,0
0.004756184323717179,0.0011228992465421375,2.1972245773362196,0.0,0,0,1,1,0
-0.007021633517890033,-0.001443677731822044,9.664659134301736,0.0,0,0,1,1,0
0.011808350013759962,0.03375231061051089,10.34177474101152,5.0,0,0,0,1,0
-0.020271328337832167,-0.012038709666942964,8.278682162970906,0.0,0,0,0,1,0
0.02384669215294764,0.09752075743170266,0.0,4.0,0,1,0,1,0
0.02354006121734526,0.04914224047243539,0.0,0.0,0,0,0,1,0
0.012764581119473413,-0.029651250404016644,0.0,0.0,0,0,1,1,0
0.10184330248096349,0.33584248771046227,13.710151153416941,5.0,0,0,0,1,0
0.012764581119473413,-0.029651250404016644,0.0,1.0,0,0,1,1,0
0.003403092374852966,0.006690808566930787,4.6443908991413725,0.0,0,0,1,1,0
0.0032996600447917305,-0.010872585479043963,11.149096419938578,5.0,0,0,1,1,0
-0.0029695270429534876,-0.00014134852216748768,10.978370514505,0.0,0,0,1,1,0
-0.0031619508934508478,-0.0007012760129773314,10.635422660303334,0.0,0,0,1,1,0
-0.008785469973547807,-0.02348897170307089,10.464274083455889,2.0,0,1,0,1,0
0.08481805313706701,0.28660031344848563,0.0,13.0,0,1,0,0,0
0.012571548381189079,0.03453954893921761,5.081404364984463,0.0,1,0,0,1,0
0.0871090448946342,-0.007798287670446047,6.688354713946762,0.0,1,0,0,1,0
0.02479866296612732,-0.1504306848556371,9.928228944424575,0.0,1,0,0,1,0
0.0027163772341944363,0.007966096310233234,5.062595033026967,1.0,0,0,1,1,0
-0.003565100809584588,0.03700396311548771,9.409109260148737,5.0,0,0,0,1,0
0.02267276168940071,0.031204908142228083,5.081404364984463,2.0,0,0,0,1,0
0.004336158765001347,0.006822986685977264,1.3862943611198906,0.0,0,0,1,1,0
0.012571548381189079,0.03453954893921761,5.081404364984463,1.0,1,0,0,1,0
0.05626048625978542,0.0050763406144580725,7.38025578842646,2.0,1,0,0,1,0
0.052401074201396655,0.004534308354824594,7.38025578842646,1.0,1,0,0,1,0
0.052401074201396655,0.004534308354824594,7.38025578842646,1.0,1,0,0,1,0
0.08595988898095418,-0.003166257364521455,6.90875477931522,2.0,1,0,0,1,0
0.04309485607751657,0.025677620789612606,6.516193076042964,1.0,1,0,0,1,0
0.013193587039197504,0.03319759452924849,4.454347296253507,1.0,1,0,0,1,0
0.044581927396262086,0.004638475021491261,7.453561871643373,1.0,1,0,0,1,0
0.012571548381189079,0.03453954893921761,5.081404364984463,1.0,1,0,0,1,0
0.004620106633275894,0.0090374603821778,5.272999558563747,1.0,0,0,1,1,0
0.008842349150924191,-0.04549882597744288,10.057923905840546,1.0,0,0,0,1,0
0.013856599716583276,-0.015388800659257747,9.682404377188837,1.0,0,0,0,1,0
0.2068337822386177,0.11341877372205167,6.311734809152915,6.0,1,0,0,0,0
0.00035809175881722135,-0.0004632834499847684,11.146243474284297,1.0,0,0,1,1,0
-0.0025557512085166907,-0.0011486686954256611,10.819798284210286,4.0,0,0,1,1,0
-0.028935623491665206,-0.024012788290376213,8.745125259462244,3.0,0,0,1,1,0
0.032919448807380444,-0.0012458957619861637,6.933423025730715,6.0,0,0,1,0,0
0.02350815508200552,0.034502039210692385,5.442417710521793,1.0,0,0,0,1,0
0.006363762168833744,-0.008266531869854231,11.313290899206928,3.0,0,0,1,1,0
0.009372346218960997,0.0101677592471354,10.087890275533907,5.0,0,0,0,1,0
0.014168342670229773,0.03314005884476932,0.0,4.0,0,0,0,1,0
0.012764581119473413,-0.029651250404016644,0.0,1.0,0,0,1,1,0
-0.0032535383351932163,-0.00023759088274808354,10.757924157061597,1.0,0,0,1,1,0
0.03763698103094814,-0.030625936127123943,11.599295803205079,1.0,1,0,0,1,0
-0.02193520448243793,-0.053159626029118355,8.478660241699453,1.0,1,0,0,1,0
0.09497273101549959,0.04021904965993943,5.902633333401366,5.0,0,0,0,1,0
0.015291371597083006,0.031697508222796045,3.784189633918261,1.0,1,0,0,1,0
0.03890294596026372,0.0212496736261231,11.984958284017063,1.0,0,0,1,1,0
-0.017874640975747296,-0.00649362939564559,7.601402334583733,1.0,0,1,0,1,0
0.04814402067611528,0.0277180887373421,6.447305862541213,2.0,1,0,0,1,0
0.030864394068314926,0.2915177417829736,1.791759469228055,16.0,0,0,0,0,0
-0.021192289577316736,-0.03874949892559464,8.434028950155469,1.0,1,0,0,1,0
0.002053653750804226,0.013315232458896872,6.1779441140506,2.0,0,0,1,1,0
0.0450328786052522,0.1233259409378998,0.0,1.0,0,1,0,1,0
-0.008474278605896562,-0.0022143442879181668,9.575052927597383,1.0,0,0,1,1,0
0.01617304426104091,-0.008264107536743802,11.873121203630857,4.0,0,1,0,1,0
0.019333063099948276,0.05112852712879518,0.0,1.0,1,0,0,1,0
-0.008803522307887222,-0.024751516333568,10.675630739322571,1.0,0,1,0,1,0
0.03566318567075078,-0.015345466730862343,12.154784614286667,4.0,0,1,0,1,0
-0.021282371208156122,-0.09189029039203143,8.021912778985708,3.0,0,0,0,1,0
0.019333063099948276,0.05112852712879518,0.0,1.0,1,0,0,1,0
0.025087551659647725,-0.054173028552921304,9.682404377188837,1.0,1,0,0,1,0
0.0450328786052522,0.1233259409378998,0.0,1.0,0,1,0,1,0
0.02384669215294764,0.09752075743170266,0.0,4.0,0,1,0,1,0
0.056658252396632754,0.02295128797425116,6.61472560020376,1.0,1,0,0,1,0
-0.013011251406586622,-0.06789212593247985,9.994287576862567,1.0,0,1,0,1,0
0.0450328786052522,0.1233259409378998,0.0,1.0,0,1,0,1,0
0.01352987870166361,0.03498015740482609,5.147494476813453,2.0,1,0,0,1,0
0.012571548381189079,0.03453954893921761,5.081404364984463,1.0,1,0,0,1,0
0.01567213224844926,-0.008593728464062103,11.864166672867945,4.0,0,1,0,1,0
-0.020016051986155133,-0.013065062755699932,8.136810863675537,1.0,1,0,0,1,0
-0.02012467229366119,-0.009485135944714708,9.194718991073225,3.0,0,0,1,1,0
0.013622635335209783,0.03319759452924849,4.430816798843313,1.0,1,0,0,1,0
0.0373553181358632,0.0045643678786341174,7.496097345175956,1.0,1,0,0,1,0
0.07340592787527314,0.04547896181797861,12.296831574998258,6.0,0,0,0,0,0
0.031989404934995004,0.020387130190810277,5.996452088619021,1.0,0,0,0,1,0
-0.039595497758170825,-0.027466521428562086,8.136810863675537,1.0,0,0,1,1,0
0.012571548381189079,0.03453954893921761,5.081404364984463,1.0,1,0,0,1,0
0.02354006121734526,0.04914224047243539,0.0,1.0,0,0,0,1,0
0.012565385147893583,0.03539396039678311,5.209486152841421,1.0,1,0,0,1,0
-0.04022820148665941,-0.029169563415436826,8.278682162970906,1.0,0,0,1,1,0
-0.05481385688859551,-0.12501378051746173,8.073091199693154,4.0,0,1,0,1,0
0.09497273101549959,0.04021904965993943,5.902633333401366,5.0,0,0,0,1,0
0.03755031654288152,-0.011050822584920785,11.603688960617083,3.0,1,0,0,1,0
-0.028786082273891626,-0.0034510483873347506,8.866299565855018,2.0,0,0,1,1,0
0.02334779150086239,0.031915139705613674,5.225746673713202,1.0,0,0,0,1,0
-0.038383710833375724,-0.0776271754346508,8.055475141757274,2.0,0,0,1,1,0
-0.004128199662427643,-0.008086453536960485,10.001158579709575,2.0,0,0,1,1,0
0.00037246226852098946,0.013091275852843077,6.478509642208569,1.0,0,0,1,1,0
0.06582424372056465,0.004508016721236594,7.156176637480615,1.0,1,0,0,1,0
0.012677362482123908,0.03539396039678311,5.198497031265826,1.0,1,0,0,1,0
0.004243858225734242,0.0070116340413764475,4.382026634673881,3.0,0,0,1,1,0
0.014002566289427656,-0.0069377095077696755,5.978885764901122,3.0,0,0,1,1,0
-0.01866030864905083,-0.019807955705753427,7.768110378525988,3.0,0,0,1,1,0
0.019489276148542026,-0.006884183741809859,11.936590609722344,4.0,0,1,0,1,0
0.03536321712974391,-0.004143527172378415,12.154784614286667,3.0,0,1,0,1,0
0.048003625738277426,0.009993905260975435,12.178146310089332,3.0,0,0,1,1,0
0.025905662698250637,-0.0005800769729250354,11.73927188163082,2.0,0,0,1,1,0
0.019114812682015543,-0.0033056027339287376,11.633912252019053,2.0,0,0,1,1,0
0.010220906054412943,-0.006527511601657035,11.451592467314862,2.0,0,0,1,1,0
0.05779656814899117,0.03692517783574355,12.432415074973783,2.0,0,0,1,1,0
0.0034158252509724108,-0.006638225887371321,11.228451574129409,2.0,0,0,1,1,0
-0.005954413004184223,-0.030883163336642726,11.485009412675824,4.0,0,1,0,1,0
0.05381593566775848,0.33829238559574354,13.76421831620775,3.0,0,1,0,1,0
-0.022808665385148943,-0.024529097481614835,10.375551557748782,4.0,0,1,0,1,0
-0.04058786916298794,-0.1049630424895642,7.824445930877619,4.0,0,1,0,1,0
0.02384669215294764,0.09752075743170266,0.0,4.0,0,1,0,1,0
-0.021609565464665578,-0.08788265000875368,8.031385330625534,3.0,0,0,0,1,0
0.032011681523718985,-0.003521678572645768,5.902633333401366,1.0,0,0,0,1,0
-0.0931903662565606,-0.19147802472191414,8.279697133877628,5.0,0,1,0,1,0
0.021867058320895146,0.055104855188265654,0.0,3.0,0,0,0,1,0
0.05953431861730467,0.006687107612420157,11.80061253740951,4.0,1,0,0,1,0
0.028739056767421025,0.034307357516247555,5.58724865840025,5.0,0,0,1,1,0
-0.05957562803051617,-0.1272621412879521,9.441531454869693,5.0,0,1,0,1,0
0.02473570179647499,-0.1032877590576808,9.852246888342531,2.0,1,0,0,1,0
-0.02124513110174981,-0.016056746955581475,8.29529885950246,2.0,1,0,0,1,0
0.04719980514216245,0.28754913587943337,3.2188758248682006,13.0,0,1,0,0,0
-0.020306171397866023,0.10247596771196205,5.472270673671475,7.0,0,1,0,0,0
-0.019911411609913516,-0.0013476792343625028,7.768110378525988,2.0,0,0,1,1,0
0.005462107996870672,0.007679450321020006,5.198497031265826,4.0,0,0,1,1,0
0.00438310873494389,0.006604843654650086,4.382026634673881,1.0,0,0,1,1,0
-0.0032806512608560805,-5.572681704260652e-05,7.362645270417825,1.0,0,0,1,1,0
0.0035352181589465037,0.013156053180778301,6.159095388491933,1.0,0,0,1,1,0
0.005757870659935473,0.0053752810840077955,4.02535169073515,1.0,0,0,1,1,0
0.04079221992293949,0.028479279037521083,6.111467339502679,1.0,1,0,0,1,0
0.028385218734698292,-0.004352971032942368,12.103491596905931,1.0,0,1,0,1,0
0.05583372478041325,0.03786918944334968,12.384942418433429,1.0,0,0,1,1,0
0.025860448361644695,0.05545683535706492,6.90875477931522,8.0,0,0,1,0,0
-0.047917179181144895,-0.04218684307192745,8.622813673279921,6.0,0,0,1,0,0
0.05738344353633125,-0.06496326954766193,12.611541086966115,5.0,0,1,0,1,0
-0.03448847148055416,0.08822712047534877,8.309676895987726,11.0,0,0,1,0,0
-0.04797920782465876,-0.04856982619953751,8.309676895987726,7.0,0,0,1,0,0
-0.020193753177057752,0.12256012192552912,9.721245992542345,11.0,0,0,1,0,0
-0.025659432832227512,-0.007536210442283975,10.320024474611342,6.0,0,0,1,0,0
-0.00312197211305398,-0.0046386226216849425,10.611966597093055,5.0,0,0,1,1,0
0.019333063099948276,0.05112852712879518,0.0,1.0,1,0,0,1,0
0.07986485989815012,0.3172952556699864,12.812302081080515,3.0,0,0,0,1,0
-0.05204180843842553,0.16024905220584892,11.68126641357639,16.0,0,1,0,0,0
-0.024534255970144764,0.17034830906461876,12.02375908870422,16.0,0,1,0,0,0
-0.03651442336106063,-0.14376548944499518,8.60813018640834,3.0,0,1,0,1,0
-0.03388374811386133,-0.10634097924349675,10.853773831668242,5.0,0,1,0,1,0
-0.023878030236133267,-0.06774656455980785,9.210440366976517,3.0,0,1,0,1,0
0.008324818607075185,-0.0230061407761693,11.613232231925368,2.0,0,1,0,1,0
0.024011921228716752,0.049511420366615294,0.0,2.0,0,0,0,1,0
0.04546007242683664,0.12377324583207967,0.0,2.0,0,1,0,1,0
0.011922308205965737,-0.03280476161825781,0.0,3.0,0,0,1,1,0
0.006873563891387029,0.10934221400138883,0.0,7.0,0,1,0,0,0
0.02508482868944565,-0.0015998179045569536,12.022396171249941,4.0,0,1,0,1,0
-0.03723623252682343,-0.10443436484661905,10.363061986291324,5.0,0,1,0,1,0
0.02384669215294764,0.09752075743170266,0.0,4.0,0,1,0,1,0
-0.009853239183406366,0.07746666434973358,6.594413459749778,5.0,0,1,0,1,0
0.08466998737975946,0.10762707630088428,11.931642378754141,5.0,0,0,0,1,0
-0.0003078488161098233,0.14327655125219346,0.0,8.0,0,0,0,0,0
0.016418824902546373,0.025260541102609533,0.6931471805599453,4.0,0,0,0,1,0
0.04076750848477823,0.0067421335537058615,11.884495917930655,4.0,0,0,1,1,0
-0.029884589431206313,-0.05012302962733307,0.0,6.0,0,0,1,0,0
0.07499951784483935,0.035928083753000856,12.429220196836383,5.0,0,0,1,1,0
0.031058901539990375,0.01764216238511461,11.330611908144274,6.0,1,0,0,0,0
0.05061519042306035,0.04087120626927877,11.798111925972618,5.0,0,0,1,1,0
-0.007459894078810026,0.09485406542192011,0.0,6.0,0,0,0,0,0
0.032382988626461155,-0.008359070092267967,12.013706813470414,5.0,0,1,0,1,0
0.04238256006994988,-0.05737877088894884,12.154784614286667,5.0,0,1,0,1,0
0.08974476207348689,0.3474524003620799,13.004581591747163,4.0,0,0,0,1,0
0.053917394909512695,0.0915500902030453,12.370701098418062,8.0,0,0,1,0,0
-0.03458342544283715,0.14758612346250244,11.567470466822025,15.0,0,1,0,0,0
0.05407576775863486,0.06396944715238087,12.759960632315702,4.0,0,1,0,1,0
-0.013525526462778322,-0.0332682337203874,11.23850177707664,4.0,0,1,0,1,0
0.019333063099948276,0.05112852712879518,0.0,1.0,1,0,0,1,0
0.019333063099948276,0.05112852712879518,0.0,1.0,1,0,0,1,0
-0.0011372735649320387,-0.00014134852216748768,11.112462823634855,1.0,0,0,1,1,0
0.012764581119473413,-0.029651250404016644,0.0,1.0,0,0,1,1,0
-0.0032806512608560805,-5.572681704260652e-05,7.362645270417825,1.0,0,0,1,1,0
-0.02701746297137738,-0.004481925862449336,8.866299565855018,1.0,0,0,1,1,0
0.012764581119473413,-0.029651250404016644,0.0,1.0,0,0,1,1,0
0.005419414223630008,0.0001634073301835376,6.852242569051878,2.0,0,0,1,1,0
0.05381593566775848,0.33829238559574354,14.543542623236126,3.0,0,1,0,1,0
0.05381593566775848,0.3109864366189167,12.896719202134523,3.0,0,1,0,1,0
0.06823385886160353,-0.006692337659600589,12.154784614286667,1.0,0,0,0,1,0
0.02721850391678309,-0.006692130423766839,6.999422467507961,1.0,0,0,0,1,0
0.012195631441905923,0.03453954893921761,4.990432586778736,1.0,1,0,0,1,0
-0.0762534744579965,-0.12130622623126852,9.588845298501564,6.0,0,1,0,0,0
-0.017694526379882315,-0.10681698623566405,7.972810784121404,1.0,1,0,0,1,0
0.04121757094195048,-0.017066508198143093,11.730662426985138,1.0,0,0,0,1,0
0.009111128275957012,-0.021237677521203185,10.439044812521303,1.0,0,0,0,1,0
-0.0191058589936296,-0.010050117653039847,8.136810863675537,1.0,0,0,0,1,0
0.012764581119473413,-0.029651250404016644,0.0,1.0,0,0,1,1,0
0.016405083382238138,-0.004497867780973193,11.556951919719207,1.0,0,0,1,1,0
0.024814224988271034,-0.0008500012888052332,11.724004532183379,1.0,0,0,1,1,0
0.02004096860438818,0.2885613179668167,4.23410650459726,14.0,0,1,0,0,0
-0.02918710939412379,0.16493085225748255,11.80410890048989,23.0,0,1,0,0,0
0.011212888399245878,-0.07013267721731273,9.90353755128617,1.0,0,0,0,1,0
-0.0072629695352446925,6.0714285714285715e-05,7.4127640174265625,1.0,0,0,1,1,0
0.012332286201495983,-0.019141250570449228,9.522812613235182,1.0,0,0,0,1,0
0.0027453905145887387,0.007966096310233234,5.049856007249537,1.0,0,0,1,1,0
-0.019843760866281458,-0.01081093961401661,8.105609402299896,1.0,0,0,0,1,0
0.022026517109617574,-0.15648194973857754,9.977016785824244,1.0,1,0,0,1,0
-0.10697354690728766,-0.2920455246248194,8.006700845440367,7.0,0,1,0,0,0
0.0536852327990367,0.025451696605955896,12.531776395271262,1.0,0,1,0,1,0
0.012764581119473413,-0.029651250404016644,0.0,1.0,0,0,1,1,0
0.0026579443806028736,0.007966096310233234,5.0689042022202315,1.0,0,0,1,1,0
0.007265825591328096,-0.008385523150747698,6.670766320845874,1.0,0,0,1,1,0
0.007265825591328096,-0.008385523150747698,6.670766320845874,1.0,0,0,1,1,0
0.0035682754542554723,0.006690808566930787,4.584967478670572,1.0,0,0,1,1,0
0.020848055509737323,0.03529882566416731,4.30406509320417,3.0,0,0,0,1,0
-0.02980512830010384,-0.007227146410529455,8.81744592104187,2.0,0,0,1,1,0
-0.0021102917692164772,0.01751521038426465,11.80061253740951,8.0,0,1,0,0,0
-0.0066371961555873465,0.13144952802325632,5.978885764901122,10.0,0,1,0,0,0
0.059172415376787364,0.04106071348374521,12.678102345906934,1.0,0,0,1,1,0
-0.019981476013832638,-0.0019200780558712314,7.824445930877619,1.0,0,0,1,1,0
0.005486243526912451,0.16411093535394827,5.7745515455444085,11.0,0,1,0,0,0
0.020086010902199802,-0.03409602317549004,10.53436031361157,1.0,1,0,0,1,0
0.01453161022922629,-0.004915535063403408,11.537647345424975,1.0,0,0,1,1,0
0.026816589646072718,0.035594769659561105,5.755742213586912,1.0,1,0,0,1,0
-0.003393709523586796,-0.0004344939796511804,10.701422584813201,1.0,0,0,1,1,0
0.013434534683973714,0.2884497108239595,4.812184355372417,14.0,0,1,0,0,0
0.02066696383722839,-0.03660637676429068,10.423471114086885,1.0,1,0,0,1,0
0.004758053127825573,0.1654867866095081,11.918397239722838,14.0,0,1,0,0,0
-0.013723355647153981,-0.03301394723080997,9.682404377188837,1.0,0,1,0,1,0
-0.04769590607295386,0.2884166983103392,3.367295829986474,18.0,0,1,0,0,0
0.022885050764142916,-0.041405336238338204,9.682404377188837,3.0,1,0,0,1,0
-0.03542417320940341,-0.07767752557470683,8.055475141757274,1.0,0,0,1,1,0
0.0026579443806028736,0.007966096310233234,5.0689042022202315,1.0,0,0,1,1,0
0.0026579443806028736,0.007966096310233234,5.0689042022202315,1.0,0,0,1,1,0
0.013360089514132636,-0.02939930653468147,0.0,2.0,0,0,1,1,0
-0.004110058305051495,-1.371001031991745e-05,7.362645270417825,2.0,0,0,1,1,0
0.004224822476828064,0.008499870823943722,5.0689042022202315,3.0,0,0,1,1,0
-0.012995936525684858,3.1302521008403364e-05,7.496097345175956,2.0,0,0,1,1,0
-0.07205364942930183,0.28848232878493707,4.02535169073515,18.0,0,1,0,0,0
-0.016974664063002406,-0.01839850120460404,7.650168700845001,3.0,0,0,1,1,0
1.1109964348250971e-05,-0.040911856377114614,0.0,4.0,0,0,1,1,0
1.1109964348250971e-05,-0.040911856377114614,0.0,4.0,0,0,1,1,0
0.017480857910746116,0.013135342850381607,6.1779441140506,4.0,0,0,1,1,0
0.006891679511178207,-0.009780666419853845,5.902633333401366,1.0,0,0,1,1,0
0.006891679511178207,-0.009780666419853845,5.902633333401366,1.0,0,0,1,1,0
-0.06900176553078093,0.27652790659443993,3.9512437185814275,19.0,0,1,0,0,0
0.0871090448946342,-0.007798287670446047,6.688354713946762,1.0,1,0,0,1,0
0.022071518739292334,-0.10698019095074715,10.043292972227004,1.0,1,0,0,1,0
0.005176629663220385,0.005980095509778104,4.30406509320417,1.0,0,0,1,1,0
0.012764581119473413,-0.029651250404016644,0.0,1.0,0,0,1,1,0
0.06325476503024255,0.2898022530950037,0.6931471805599453,21.0,0,1,0,0,0
0.029716704171871198,0.012129614536637578,5.7745515455444085,1.0,1,0,0,1,0
0.031814283491177875,0.020491155287176974,5.8377304471659395,1.0,1,0,0,1,0
0.06325476503024255,0.28990225309500367,0.6931471805599453,27.0,0,1,0,0,0
0.02020422948436759,0.0025710979099951704,7.352441100243583,5.0,0,0,1,1,0
0.03173507929859765,0.013890287806813964,5.796057750765372,1.0,1,0,0,1,0
0.05627249522783429,0.03870471225358217,12.390421313012926,7.0,0,0,1,0,0
0.0435241914012373,0.026250780084308277,6.492239835020471,1.0,1,0,0,1,0
-0.021041148505862247,-0.03857056119665691,8.420021279663963,1.0,1,0,0,1,0
-0.021646886329117734,-0.06618223315537235,9.105090961257085,1.0,0,1,0,1,0
0.038651610363828574,0.02581771470686104,6.016157159698354,5.0,0,0,1,1,0
0.00635193705768722,-0.024686871725739766,11.552396146878717,2.0,0,1,0,1,0
0.07986485989815012,0.3233311398671735,12.847929163278053,3.0,0,0,0,1,0
0.01956351336761857,0.024160301542077767,5.993961427306569,6.0,0,0,1,0,0
0.03536321712974391,-0.004143527172378415,12.154784614286667,3.0,0,1,0,1,0
0.0450328786052522,0.1233259409378998,0.0,1.0,0,1,0,1,0
0.04503954770316762,0.02468954641558623,6.55250788703459,1.0,1,0,0,1,0
0.006046413925087818,0.005160995369722081,3.258096538021482,1.0,0,0,1,1,0
0.09153409533317454,-0.006812969620775142,6.6895992691789665,1.0,1,0,0,1,0
0.0035682754542554723,0.006690808566930787,4.574710978503383,1.0,0,0,1,1,0
-0.001784539022465106,-0.0013423022446575879,10.463131911491967,1.0,0,0,1,1,0
-0.002975187050399594,-0.006151707855337701,10.056251557087757,1.0,0,0,1,1,0
-0.0030861748163862313,-6.634852216748768e-05,10.827805976097512,1.0,0,0,1,1,0
-0.0017606627052158255,-0.00302966587973497,7.074963197966044,1.0,0,0,1,1,0
-0.0032535383351932163,-0.00023759088274808354,10.757924157061597,1.0,0,0,1,1,0
-0.0015434108148593868,-0.004995200038696774,10.187839084891452,1.0,0,0,1,1,0
-0.0032806512608560805,-5.572681704260652e-05,7.362645270417825,1.0,0,0,1,1,0
-0.019288224171015275,-0.004366487898879287,9.239996256883693,1.0,0,0,1,1,0
-0.0030861748163862313,-6.634852216748768e-05,10.827805976097512,1.0,0,0,1,1,0
0.004026715647903763,0.008037524881661807,5.117993812416755,1.0,0,0,1,1,0
-0.01621639186640986,-0.00012552213868003342,7.601402334583733,1.0,0,0,1,1,0
0.0011065291021279745,-0.004369832208473102,6.999422467507961,1.0,0,0,1,1,0
-0.003158686882738183,-0.00012701028687337005,10.819798284210286,1.0,0,0,1,1,0
0.007265825591328096,-0.008385523150747698,6.670766320845874,1.0,0,0,1,1,0
0.026415825102168135,-0.000570239384043329,11.744076867685967,1.0,0,0,1,1,0
-0.03542417320940341,-0.07767752557470683,8.055475141757274,1.0,0,0,1,1,0
0.005509854952437907,0.0053752810840077955,4.143134726391533,1.0,0,0,1,1,0
0.025194282618291455,0.034628372996859724,10.308985993422082,5.0,1,0,0,1,0
0.012764581119473413,-0.029651250404016644,0.0,1.0,0,0,1,1,0
0.005063112507450604,0.026691796036643768,9.741027444837728,5.0,0,0,0,1,0
0.025231664870864756,0.06732641785801123,5.41610040220442,1.0,0,1,0,1,0
-0.01621639186640986,-0.00012552213868003342,7.601402334583733,1.0,0,0,1,1,0
0.05144485267086608,0.004638475021491261,7.382124365737512,1.0,1,0,0,1,0
0.0028252307778963356,0.007966096310233234,4.948759890378168,1.0,0,0,1,1,0
-0.039657974422344665,-0.027516833790348902,8.131824785007195,1.0,0,0,1,1,0
-0.006108298890418651,-0.010394032336248958,9.852246888342531,1.0,0,0,1,1,0
0.027620857538800034,0.07130830129340819,6.670766320845874,8.0,0,0,1,0,0
-0.02081470898802583,-0.008964660550350665,9.153875834995056,3.0,0,0,1,1,0
0.01779444063803895,-0.031290343305733194,10.915106645867503,2.0,1,0,0,1,0
-0.0034577912951547496,-0.000435281794777231,10.694260411880514,2.0,0,0,1,1,0
-0.0015822841195630524,-8.147457258765577e-05,11.082157933374816,2.0,0,0,1,1,0
-0.03542647501984348,0.023359292137861337,5.081404364984463,6.0,0,0,1,0,0
0.006630834324370808,0.005412939239057254,3.367295829986474,2.0,0,0,1,1,0
0.013737546063914372,0.004240360249266581,7.849323818040561,1.0,1,0,0,1,0
0.012835274208233239,-0.006384654458799891,11.51293546492023,2.0,0,0,1,1,0
-0.001940666552677414,-0.004665823064621659,10.195298589071585,2.0,0,0,1,1,0
-0.02081470898802583,-0.008964660550350665,9.153875834995056,3.0,0,0,1,1,0
-0.0032816362619326354,-6.713633729353811e-05,10.819798284210286,2.0,0,0,1,1,0
0.048219032987611585,0.010779774571513162,12.206077645517674,2.0,0,0,1,1,0
-0.008855318497220776,-0.02348897170307089,10.439044812521303,2.0,0,1,0,1,0
-0.019911411609913516,-0.0013476792343625028,7.768110378525988,2.0,0,0,1,1,0
0.03440262284363686,0.15715949492494166,6.52795791762255,11.0,0,0,1,0,0
-0.0032816362619326354,-6.713633729353811e-05,10.819798284210286,2.0,0,0,1,1,0
-0.001956699233108759,-0.0012199282950777557,10.463131911491967,2.0,0,0,1,1,0
0.007751439438324983,-0.008262528083155439,6.670766320845874,2.0,0,0,1,1,0
-5.710137266960941e-05,-0.00027583597099317187,11.143715137521236,2.0,0,0,1,1,0
-0.002220069824680684,-0.004672125585630062,10.134678635429639,2.0,0,0,1,1,0
-0.019911411609913516,-0.0013476792343625028,7.768110378525988,2.0,0,0,1,1,0
-0.0035172351013279136,-0.007247068738752156,10.043292972227004,2.0,0,0,1,1,0
-0.0059113057219233,-0.01783836249215369,9.90353755128617,2.0,0,0,1,1,0
-0.02878547472792401,-0.0162581214778368,10.073272520325904,6.0,0,0,1,0,0
-0.03121268007463249,-0.012877775397555503,8.748463629942055,2.0,0,0,1,1,0
-0.04420179131964233,-0.054132641641174505,8.517393171418904,2.0,0,0,1,1,0
0.004465868387668922,0.009289404251512973,5.337538079701318,2.0,0,0,1,1,0
-0.038383710833375724,-0.0776271754346508,8.055475141757274,2.0,0,0,1,1,0
-0.002562655801374777,-0.004574208918963396,10.118921460780285,2.0,0,0,1,1,0
-0.027263942915720214,-0.002387413517517607,8.971575439759016,2.0,0,0,1,1,0
-0.004110058305051495,-1.371001031991745e-05,7.362645270417825,2.0,0,0,1,1,0
-0.03264882376012264,-0.017233181545041682,8.696175846944678,2.0,0,0,1,1,0
0.02454366878146363,0.035274843258496426,5.564520407322694,2.0,0,0,0,1,0
0.024011921228716752,0.049511420366615294,0.0,2.0,0,0,0,1,0
-0.009659521615619148,0.0001027310924369748,7.443663683115591,2.0,0,0,1,1,0
0.025412494043322693,0.031369079237551785,6.52795791762255,6.0,0,0,1,0,0
0.0335589433212705,-0.033659693315127186,11.502885230075814,2.0,1,0,0,1,0
0.05626048625978542,0.0050763406144580725,7.38025578842646,2.0,1,0,0,1,0
0.0036595519201288204,-0.019151830413694153,7.62608275807238,3.0,0,0,0,1,0
0.019897285888667272,0.051497707022975084,0.0,2.0,1,0,0,1,0
0.00036732893226018543,0.013276770920435332,6.476972362889683,2.0,0,0,1,1,0
-0.004092878756769345,-0.0005058830333752935,7.313886831633462,2.0,0,0,1,1,0
0.052505895062373784,0.012736577254296543,12.103325379027153,4.0,0,0,1,1,0
0.012042639715324219,-0.011335306954649356,11.355335544395457,4.0,0,0,1,1,0
-0.05198187884801164,-0.04591655167586201,8.136810863675537,6.0,0,0,1,0,0
-0.010307180835007866,-0.03203040120500425,9.90353755128617,5.0,0,0,1,1,0
-0.006723454665907018,-0.009211719286904682,9.852246888342531,2.0,0,0,1,1,0
-0.00489417510002234,-0.022350429312093283,9.952325334619427,2.0,0,0,1,1,0
-0.02327031327094652,-0.0023127223469500574,7.8636512654486515,2.0,0,0,1,1,0
0.0033031891940994264,0.007487166355679879,4.795790545596741,2.0,0,0,1,1,0
0.013603494474549565,-0.005440855859738135,11.525851561856362,2.0,0,0,1,1,0
-0.00309823916786123,-8.147457258765577e-05,10.99964683504317,2.0,0,0,1,1,0
0.017717539093812573,-0.05435617845877483,9.392745258631441,4.0,1,0,0,1,0
0.09413002546742577,-0.007743028078770059,6.688354713946762,2.0,1,0,0,1,0
0.00448081304704641,0.008499870823943722,4.990432586778736,3.0,0,0,1,1,0
0.006248191355938143,0.04334028125049976,6.594413459749778,2.0,0,1,0,1,0
0.007723183101084261,0.0007868474613792666,6.75110146893676,2.0,0,0,1,1,0
0.007723183101084261,0.0007868474613792666,6.75110146893676,2.0,0,0,1,1,0
0.007723183101084261,0.0007868474613792666,6.75110146893676,2.0,0,0,1,1,0
0.04770207433815389,0.027393219939248148,6.464588303689961,2.0,1,0,0,1,0
-0.010307180835007866,-0.03203040120500425,9.90353755128617,5.0,0,0,1,1,0
-0.0025097145775418114,-0.0007141889986844347,10.596659732783579,2.0,0,0,1,1,0
0.006709440015187285,0.005244947348878665,2.833213344056216,2.0,0,0,1,1,0
0.05407576775863486,0.3227200351433664,12.95681397831564,4.0,0,1,0,1,0
-0.023809722486424052,-0.0038591733382529313,9.210440366976517,5.0,0,0,1,1,0
0.017456188680758225,0.08283437504874633,7.38025578842646,10.0,0,0,1,0,0
0.013519652952002366,0.03498015740482609,5.10594547390058,2.0,1,0,0,1,0
0.028169921326465543,-0.006134469905350801,12.114510931441727,4.0,0,1,0,1,0
-0.008375334062529414,-0.024543417641194262,10.780995875187799,2.0,0,1,0,1,0
-0.009230088632551118,-0.02357052250520993,10.375551557748782,2.0,0,1,0,1,0
0.01883960824760426,-0.031016451043025146,10.819798284210286,2.0,1,0,0,1,0
0.021723980450346937,-0.04351597155475629,10.308985993422082,2.0,1,0,0,1,0
0.06836033351311704,0.040931495702808574,12.143782262102894,5.0,0,0,1,1,0
0.033269038343009774,0.15698311000239296,6.1779441140506,11.0,0,0,1,0,0
-0.0031010835670787188,-6.474572587655762e-06,10.844509920629466,2.0,0,0,1,1,0
-0.01607098260549162,-0.0060067278100307715,7.509883061154913,2.0,0,1,0,1,0
-0.010791060592575353,-0.0393049692659451,10.281958234245314,2.0,0,1,0,1,0
-0.018089869206074995,-0.07785008592666039,9.301186055275759,2.0,0,1,0,1,0
0.010403072600792672,0.04409965177763345,6.0844994130751715,2.0,0,1,0,1,0
0.0072678032810606415,-0.009681560453356573,5.902633333401366,2.0,0,0,1,1,0
0.02108837687571872,-0.006240303180456257,11.918397239722838,2.0,0,1,0,1,0
-0.023941105382534803,-0.007973286618363043,10.807098231252908,6.0,0,0,1,0,0
0.07832448688985735,0.3487672287024106,13.63318980117,2.0,0,0,0,1,0
0.00903372247291353,-0.009660979751067514,10.596659732783579,3.0,0,0,0,1,0
0.03172535570428917,0.023789160018324602,6.059123195581797,2.0,0,0,0,1,0
-0.0034948049554868366,-8.147457258765577e-05,10.896757843893464,2.0,0,0,1,1,0
0.0003536587454326326,0.013315232458896872,6.464588303689961,2.0,0,0,1,1,0
-0.004667710120555588,-0.018059003895083643,8.922791623969637,3.0,1,0,0,1,0
0.028161201341760547,-0.0037112251577641614,12.09921656763201,2.0,0,1,0,1,0
-0.005929330544229113,-0.021578516886485953,9.90353755128617,3.0,0,0,1,1,0
-0.04376958441623212,-0.14690256741396063,7.979681302387741,2.0,0,0,1,1,0
0.012835274208233239,-0.006384654458799891,11.51293546492023,2.0,0,0,1,1,0
0.008167918017730674,-0.02310663097224773,11.592669666556795,2.0,0,1,0,1,0
0.00689525178852008,0.005627224953342969,3.6888794541139363,2.0,0,0,1,1,0
-0.022976704188239203,-0.001602081920743848,9.153875834995056,2.0,0,0,1,1,0
0.05269032149459821,0.12047454589382048,4.969813299576001,5.0,0,0,0,1,0
0.05283527840319835,0.21264892997677368,2.995732273553991,11.0,0,0,0,0,0
0.01394106937303926,0.0447722067547327,5.517452896464707,3.0,1,0,0,1,0
-0.0023053763931643206,-0.0005206245796686973,10.606609816118151,3.0,0,0,1,1,0
0.0703713839889185,-2.327865895683165e-05,12.245538520936426,3.0,0,0,0,1,0
-0.011866484706756374,-0.011340368302281604,9.33617975681533,3.0,0,0,1,1,0
-0.0022355168425390766,-0.001024160907461991,10.819798284210286,3.0,0,0,1,1,0
-0.01866030864905083,-0.019807955705753427,7.768110378525988,3.0,0,0,1,1,0
-0.0019355924451523775,-0.004596378620177214,10.196194479235656,2.0,0,0,1,1,0
-0.002220069824680684,-0.004672125585630062,10.134678635429639,2.0,0,0,1,1,0
0.10826392523235129,-0.006973561203825168,6.803505257608338,2.0,1,0,0,1,0
-0.0034577912951547496,-0.000435281794777231,10.694260411880514,2.0,0,0,1,1,0
0.012835274208233239,-0.006384654458799891,11.51293546492023,2.0,0,0,1,1,0
0.021684641466171807,-0.003775473730233927,6.670766320845874,4.0,0,0,1,1,0
0.013511924495462853,0.03498015740482609,5.117993812416755,2.0,1,0,0,1,0
0.03773347531219554,0.008917045709513894,5.796057750765372,2.0,0,0,0,1,0
0.023169973957081074,0.021881546209858927,2.772588722239781,4.0,0,0,0,1,0
-0.019097586155563222,-0.010978755549201505,9.233959237574817,3.0,0,0,1,1,0
0.005854019463118432,0.00517990756484911,2.995732273553991,2.0,0,0,1,1,0
-0.0059113057219233,-0.01783836249215369,9.90353755128617,2.0,0,0,1,1,0
-0.009243697160120174,-0.0010320312385738886,9.575052927597383,2.0,0,0,1,1,0
-0.009243697160120174,-0.0010320312385738886,9.575052927597383,2.0,0,0,1,1,0
-0.009243697160120174,-0.0010320312385738886,9.575052927597383,2.0,0,0,1,1,0
-0.009243697160120174,-0.0010320312385738886,9.575052927597383,2.0,0,0,1,1,0
-0.009243697160120174,-0.0010320312385738886,9.575052927597383,2.0,0,0,1,1,0
-0.009243697160120174,-0.0010320312385738886,9.575052927597383,2.0,0,0,1,1,0
0.06036910800961333,-0.004526079260614255,5.7745515455444085,4.0,0,0,0,1,0
0.06617875337169629,0.004813618779013016,5.8377304471659395,4.0,0,0,0,1,0
0.02572051404814485,-0.1002722920290281,9.820160289946374,2.0,1,0,0,1,0
0.06473454453640441,0.004985070773188231,7.363913501405819,2.0,1,0,0,1,0
0.022083928663496823,-0.10337808859584181,10.282403325410757,2.0,1,0,0,1,0
0.05636300279326602,-0.009049145787880722,7.3783837129967145,3.0,1,0,0,1,0
0.014073355845184998,0.03605064029096301,5.272999558563747,2.0,1,0,0,1,0
0.04325608845673743,0.008399628015067238,12.316634112761312,3.0,0,1,0,1,0
0.07354534614388,0.03849179114805612,12.337105293891872,2.0,0,0,0,1,0
-0.021168921004039432,-0.012694541536209305,8.073091199693154,2.0,0,0,0,1,0
0.05147809379037012,0.015785041590073632,12.310833481416022,2.0,0,0,1,1,0
0.06837552437065,0.004146753711740533,7.2868764117507,2.0,1,0,0,1,0
-0.034149848506063236,-0.1145887553299848,8.188966863648876,2.0,0,1,0,1,0
0.013737373824168269,0.03356677442342837,4.48863636973214,2.0,1,0,0,1,0
-0.017803756536516325,0.1031082799340497,0.6931471805599453,6.0,0,0,0,0,0
0.0055049866405099705,0.007074930555312438,1.6094379124341003,2.0,0,0,1,1,0
0.02963840540579607,0.0658781773907225,4.418840607796598,2.0,0,1,0,1,0
0.014199399301582337,0.03356677442342837,4.418840607796598,2.0,1,0,0,1,0
0.08597841385995288,0.28084719555915,2.1972245773362196,14.0,0,0,0,0,0
0.026334522725186098,-0.0014131301875508276,12.026951960476097,2.0,0,1,0,1,0
0.08077793901880155,0.03748213972266785,12.345838935721968,4.0,1,0,0,1,0
0.09595280356346889,0.07022378934161683,12.460718739865236,5.0,1,0,0,1,0
0.017151098142160134,0.03175358235516174,2.833213344056216,2.0,1,0,0,1,0
-0.00996436786588276,0.0001027310924369748,7.467942332285852,2.0,0,0,1,1,0
0.03553455317974887,-0.009595841238617071,12.154784614286667,2.0,0,1,0,1,0
0.04546007242683664,0.12377324583207967,0.0,2.0,0,1,0,1,0
0.10435474842080833,-0.006747103106650956,6.7650389767805414,2.0,1,0,0,1,0
-0.006723250281014048,-0.013947587133664393,9.745956164549392,4.0,0,0,1,1,0
0.016764392896006036,0.013135342850381607,6.306275286948016,4.0,0,0,1,1,0
0.030430490425371784,0.012407993565016616,5.7745515455444085,2.0,1,0,0,1,0
0.009730018708519892,-0.04396453606729302,7.937731775260109,5.0,1,0,0,1,0
0.004894536635854823,0.009226904251512973,5.25227342804663,2.0,0,0,1,1,0
0.021012988866278597,0.04619849063597017,5.707110264748875,3.0,1,0,0,1,0
0.0010387291271798781,-0.00427717724534786,7.785720896534624,2.0,0,0,0,1,0
-2.945887484873828e-05,0.237544974635949,10.580937168488774,13.0,1,0,0,0,0
0.005381401498073077,0.006856787523985258,4.3694478524670215,2.0,0,0,1,1,0
0.07186039034333248,0.006289347240979251,12.323860125621126,2.0,0,0,0,1,0
0.005347719782061841,0.007074930555312438,1.791759469228055,2.0,0,0,1,1,0
-0.0022847617769056784,-0.004672125585630062,10.12667110305036,2.0,0,0,1,1,0
0.004681221226204258,0.006386885896504465,4.290459441148391,3.0,0,0,1,1,0
-0.007459894078810026,0.09485406542192011,0.0,6.0,0,0,0,0,0
0.0022750160295067277,0.013315232458896872,6.2422232654551655,2.0,0,0,1,1,0
-0.020709477051179148,-0.01026368148975134,8.086410275323782,2.0,0,0,0,1,0
0.04059786678548087,-0.013999577516091086,6.75110146893676,2.0,0,0,0,1,0
-0.014050003280376994,0.022719222140045126,10.736700976992914,6.0,0,0,0,0,0
0.04950639447934055,0.11833758368904078,4.23410650459726,5.0,0,0,0,1,0
0.010578192200125871,-0.07341626069469447,9.928228944424575,3.0,0,0,0,1,0
0.05159933798546402,0.015080675410477895,12.310833481416022,3.0,0,0,1,1,0
0.11265886223818569,0.0064662601847446785,7.313886831633462,4.0,1,0,0,1,0
-0.006151607511086114,-0.017542320717025425,7.38025578842646,3.0,0,0,1,1,0
0.0023068897912487257,0.10903614794328276,5.303304908059076,6.0,0,0,0,0,0
-0.0071536424779196535,-0.01873784001895056,8.748463629942055,2.0,0,0,0,1,0
0.04305944706126492,0.030240913443306573,6.202535517187923,2.0,1,0,0,1,0
-0.009243697160120174,-0.0010320312385738886,9.575052927597383,2.0,0,0,1,1,0
0.0007836642813323464,-0.002823558146595498,7.01301578963963,2.0,0,0,1,1,0
-0.012995936525684858,3.1302521008403364e-05,7.496097345175956,2.0,0,0,1,1,0
-0.0296418332960993,-0.005118379009835147,8.829665432675236,2.0,0,0,1,1,0
0.0041053886657473814,0.007713441444499638,4.820281565605037,3.0,0,0,1,1,0
0.046455112237690215,0.03963830184205732,12.337105293891872,3.0,0,1,0,1,0
-0.004110058305051495,-1.371001031991745e-05,7.362645270417825,2.0,0,0,1,1,0
0.005134203558123752,0.006856787523985258,4.394449154672439,2.0,0,0,1,1,0
0.0035032721222284713,-0.02961330734408204,9.311361486034912,4.0,0,0,0,1,0
0.03689831009259449,0.12022088237227088,4.990432586778736,5.0,1,0,0,1,0
0.011190998268957236,-0.046916017191399706,9.864746724219698,2.0,0,0,0,1,0
0.008023319160804093,-0.03246931122169267,10.117469262057952,4.0,0,0,0,1,0
0.02269599108731544,0.005265010433941987,6.75110146893676,4.0,0,0,1,1,0
0.037387516739440185,-0.0007096264309170257,12.250094315624496,3.0,0,1,0,1,0
-0.01564552581862556,-0.037249964351633795,11.173964133120124,4.0,0,1,0,1,0
0.05407576775863486,0.024512948618216523,12.685410698175234,4.0,0,1,0,1,0
0.03536321712974391,-0.004143527172378415,12.154784614286667,3.0,0,1,0,1,0
0.012970567404550286,0.03490872883339752,4.919980925828125,2.0,1,0,0,1,0
0.013360089514132636,-0.02939930653468147,0.0,2.0,0,0,1,1,0
-0.021168921004039432,-0.012694541536209305,8.073091199693154,2.0,0,0,0,1,0
-0.034185921948626505,-0.1145887553299848,8.202756381655638,2.0,0,1,0,1,0
0.005810349073251795,0.005244947348878665,2.9444389791664403,2.0,0,0,1,1,0
-0.03401232170103461,-0.13780875930224734,8.60813018640834,2.0,0,1,0,1,0
0.03555575800190894,0.011732696415079536,11.944714374881176,2.0,0,0,1,1,0
0.053156397878173375,0.025824476030917656,12.496504683358769,2.0,0,1,0,1,0
-0.009659521615619148,0.0001027310924369748,7.443663683115591,2.0,0,0,1,1,0
0.020657634722144682,-0.03341411632413427,9.798182590890704,5.0,1,0,0,1,0
-0.004667710120555588,-0.018059003895083643,8.922791623969637,3.0,1,0,0,1,0
0.014127092639750661,-0.009458691017137867,7.824445930877619,3.0,1,0,0,1,0
0.014168342670229773,0.03314005884476932,0.0,4.0,0,0,0,1,0
0.01104833473755695,0.04120008346715855,4.976733742420574,3.0,1,0,0,1,0
0.021684641466171807,-0.003775473730233927,6.670766320845874,4.0,0,0,1,1,0
-0.005688995473586378,0.109377467234157,5.214935757608986,6.0,0,0,0,0,0
-0.038637076108336305,-0.050856002758378656,8.160803920954665,3.0,0,0,1,1,0
-0.019862943012050563,-0.01072441919927692,9.210440366976517,3.0,0,0,1,1,0
0.010313256302458563,-0.008258595361917722,11.456397440628356,3.0,0,0,1,1,0
0.009826800556349711,0.0005612568218770226,6.2166061010848646,3.0,0,0,1,1,0
0.010075556898953774,0.0005612568218770226,6.1779441140506,3.0,0,0,1,1,0
-0.0022096965318081224,-0.0007046976093222223,10.738589920723442,3.0,0,0,1,1,0
-0.01400253358886566,-0.013015127617747313,9.30801139914963,3.0,0,0,1,1,0
-0.0379691951384306,-0.11333939744153758,8.068089626278244,3.0,0,0,1,1,0
-0.04040577008535945,-0.09921213007379623,8.478660241699453,3.0,0,0,1,1,0
0.0827911097193626,-0.017211451667391513,6.933423025730715,3.0,1,0,0,1,0
0.01102242067427269,0.04120008346715855,5.017279836814924,3.0,1,0,0,1,0
-0.005435741431621257,0.0025159749485567234,6.999422467507961,3.0,0,1,0,1,0
0.09134803108880435,0.11145110732006533,6.398594934535208,5.0,0,0,0,1,0
0.051635377014211524,0.02026855859739648,6.2422232654551655,3.0,1,0,0,1,0
-0.025051206629223405,-0.010017673382989176,8.987321812850125,3.0,0,0,1,1,0
0.02245459421188592,0.03942915388857454,5.384495062789089,3.0,0,0,0,1,0
-0.013243773378489391,-0.049804999370940406,9.875602349046593,3.0,0,1,0,1,0
0.020373506976892556,0.059021092070843134,5.7745515455444085,3.0,0,1,0,1,0
-0.10349378976158008,0.26405910708353736,2.8903717578961645,19.0,1,0,0,0,0
0.04364127059061928,0.1319549803555669,0.0,3.0,0,1,0,1,0
0.04364127059061928,0.1319549803555669,0.0,3.0,0,1,0,1,0
0.05381593566775848,0.33829238559574354,14.26626829240953,3.0,0,1,0,1,0
0.05249664633377367,0.032480350633253795,12.450981602512561,3.0,0,1,0,1,0
0.04364127059061928,0.1319549803555669,0.0,3.0,0,1,0,1,0
0.002183664985533503,-0.019357140488771157,7.692113339595466,3.0,0,0,0,1,0
0.012242723533755051,0.042932867940597065,5.393627546352362,3.0,1,0,0,1,0
0.06571678965061307,-0.010110710830389714,7.2868764117507,3.0,1,0,0,1,0
0.04130150594500063,0.11652554505923202,2.0794415416798357,5.0,0,0,0,1,0
0.018062296536958088,0.05689303896152646,0.0,3.0,1,0,0,1,0
0.007274147036219627,-0.022158162756357708,6.846943139585379,3.0,0,0,1,1,0
0.018062296536958088,0.05689303896152646,0.0,3.0,1,0,0,1,0
0.005948264732870735,-0.0190094610067437,7.53689712956617,3.0,0,0,0,1,0
0.053617995559058704,0.019044026029591307,6.3561076606958915,3.0,1,0,0,1,0
0.011922308205965737,-0.03280476161825781,0.0,3.0,0,0,1,1,0
0.0211597643173812,-0.04117298426412729,9.61587214452889,3.0,1,0,0,1,0
0.039954667315413556,0.01850622190554173,12.013706813470414,3.0,0,0,1,1,0
-0.0018131967879947215,-0.016986415233111493,9.105090961257085,3.0,1,0,0,1,0
0.011922308205965737,-0.03280476161825781,0.0,3.0,0,0,1,1,0
-0.020869759587596758,-0.05477687091116451,8.517393171418904,3.0,1,0,0,1,0
0.021916616797985095,0.037734464653231284,5.117993812416755,3.0,0,0,0,1,0
0.018918877501302927,-0.0045523643892790835,11.643962499267984,3.0,0,0,1,1,0
0.06753191610278989,0.36072234454918106,13.815511557963774,4.0,0,0,1,1,0
-0.014975353507631258,-0.030298531633596713,9.682404377188837,3.0,0,1,0,1,0
-0.014975353507631258,-0.030298531633596713,9.682404377188837,3.0,0,1,0,1,0
0.02114500338571267,-0.08245879229420229,10.021315031649332,3.0,1,0,0,1,0
-0.026753428642125012,-0.07306789025220074,8.895766604056085,3.0,0,1,0,1,0
-0.0371514580727044,-0.11952064571667884,8.202756381655638,3.0,0,1,0,1,0
0.007708384971278271,-0.03359336890485844,9.277812087091196,4.0,1,0,0,1,0
0.02119890322577838,0.036322233991735876,4.709530201312334,3.0,0,0,0,1,0
0.028076443891933322,0.0020808366110243066,12.114510931441727,3.0,0,1,0,1,0
0.028076443891933322,0.0020808366110243066,12.114510931441727,3.0,0,1,0,1,0
0.028076443891933322,0.0020808366110243066,12.114510931441727,3.0,0,1,0,1,0
0.028076443891933322,0.0020808366110243066,12.114510931441727,3.0,0,1,0,1,0
0.00975511912163437,-0.012776708412824024,10.308985993422082,4.0,0,0,0,1,0
0.038813103324259114,-0.009994674120090374,12.260565565651518,4.0,0,1,0,1,0
-0.04025021979926354,0.01859655898331858,9.210440366976517,6.0,0,0,0,0,0
0.04701072350343471,0.0202675819990568,6.1779441140506,3.0,1,0,0,1,0
0.013679538345986841,-0.026349976491821185,6.688354713946762,3.0,0,0,1,1,0
-0.008127172892237276,-0.017546277155753538,7.443663683115591,3.0,0,0,1,1,0
0.014707302853481999,-0.016427273260725624,5.902633333401366,3.0,0,0,1,1,0
0.021414111291496472,0.11528534679818891,0.0,5.0,0,0,0,1,0
0.0036171231168092345,-0.004555605281455673,2.4849066497880004,3.0,0,0,1,1,0
-0.016974664063002406,-0.01839850120460404,7.650168700845001,3.0,0,0,1,1,0
-0.019522639820064955,-0.08093506780556314,9.301186055275759,3.0,0,1,0,1,0
0.06628920906760681,0.008491944226658828,11.968100948644052,4.0,1,0,0,1,0
0.0493040080415086,0.0312960119205907,11.407576060361786,5.0,1,0,0,1,0
-0.004926298121751123,-0.021777633571943032,8.829665432675236,3.0,1,0,0,1,0
0.017404017032948273,-0.00903036096416891,10.933124826700707,3.0,1,0,0,1,0
-0.002191761046073648,-0.001099160907461991,10.918736348043124,3.0,0,0,1,1,0
-0.003025287794459107,-0.0006027536627459226,10.714439990727769,4.0,0,0,1,1,0
0.013679538345986841,-0.026349976491821185,6.688354713946762,3.0,0,0,1,1,0
-0.020899262855374134,-0.008860412400021795,9.148145768383065,3.0,0,0,1,1,0
0.01026087942785442,-0.03747237001317869,9.301186055275759,3.0,1,0,0,1,0
0.018062296536958088,0.05689303896152646,0.0,3.0,1,0,0,1,0
0.06303673603904889,0.013916384527059351,6.594413459749778,3.0,1,0,0,1,0
0.018062296536958088,0.05689303896152646,0.0,3.0,1,0,0,1,0
0.046455112237690215,0.03963830184205732,12.337105293891872,3.0,0,1,0,1,0
0.06571678965061307,-0.010110710830389714,7.2868764117507,3.0,1,0,0,1,0
0.011922308205965737,-0.03280476161825781,0.0,3.0,0,0,1,1,0
-0.02421681207380449,-0.013096156112845828,8.81744592104187,4.0,0,0,1,1,0
-0.007093689282343801,-0.005810622375492355,9.711176264112805,4.0,0,0,1,1,0
0.002924134154738257,0.006809381767282723,5.0689042022202315,4.0,0,0,1,1,0
-0.002542716701978327,-0.00045180061768297056,7.544861068658458,4.0,0,0,1,1,0
-0.006828997251047891,-0.01341225538208264,9.79473239269909,4.0,0,0,1,1,0
-0.008867096282681848,-0.003905835304380127,7.2868764117507,3.0,0,1,0,1,0
0.0074280241341923,-0.04301533355094444,9.99720555640988,4.0,0,0,0,1,0
0.0074280241341923,-0.04301533355094444,9.99720555640988,4.0,0,0,0,1,0
0.05148033666244779,0.020465985393048426,6.2166061010848646,3.0,1,0,0,1,0
-0.007075078689550362,-0.011893053095801409,9.745956164549392,3.0,0,0,1,1,0
0.04420859883868793,-0.04082523376862462,6.68586094706836,3.0,0,0,0,1,0
0.0878510430427144,-0.048035312424013564,6.670766320845874,3.0,1,0,0,1,0
0.02727145597872447,-0.022628457874262126,11.51293546492023,3.0,0,0,0,1,0
0.04364127059061928,0.1319549803555669,0.0,3.0,0,1,0,1,0
0.021867058320895146,0.055104855188265654,0.0,3.0,0,0,0,1,0
-0.02863503926553385,0.023709071847088183,7.244941546337007,5.0,0,1,0,1,0
-0.023592680178869358,-0.0293832179093677,8.097426298597213,3.0,0,0,0,1,0
0.04364127059061928,0.1319549803555669,0.0,3.0,0,1,0,1,0
0.011204279610346302,0.0403469874210478,4.852030263919617,3.0,1,0,0,1,0
0.04701072350343471,0.0202675819990568,6.1779441140506,3.0,1,0,0,1,0
0.020141569691938022,-0.009099772479558064,10.505094936455558,3.0,1,0,0,1,0
0.05780783874318318,0.020214908373069582,11.984958284017063,3.0,1,0,0,1,0
0.05780783874318318,0.020214908373069582,11.984958284017063,3.0,1,0,0,1,0
0.029237810446946906,-0.0002203303389834224,12.128116509451258,3.0,0,1,0,1,0
-0.03885628328502805,-0.052274505378867554,8.24301946898925,3.0,0,0,1,1,0
0.038727691505262896,0.00463460261296646,6.643789733147672,3.0,0,0,0,1,0
0.07357330754420388,0.0054144997301417905,6.643789733147672,3.0,1,0,0,1,0
0.09512534904507702,0.10524884922718623,6.1779441140506,5.0,0,0,0,1,0
0.02679057887504865,0.07494492738919419,5.081404364984463,3.0,0,1,0,1,0
0.021867058320895146,0.055104855188265654,0.0,3.0,0,0,0,1,0
0.020239659741321067,0.03461405993969571,3.8066624897703196,3.0,0,0,0,1,0
0.03682600961187558,0.11992643792782644,5.081404364984463,5.0,1,0,0,1,0
-0.1102632043588945,0.293055501871388,5.4680601411351315,17.0,0,0,0,0,0
0.005269343349070945,-0.008266531869854231,11.289794413577894,3.0,0,0,1,1,0
0.014707302853481999,-0.016427273260725624,5.902633333401366,3.0,0,0,1,1,0
0.011922308205965737,-0.03280476161825781,0.0,3.0,0,0,1,1,0
-0.023303286994833437,0.03637453172383011,8.829665432675236,5.0,1,0,0,1,0
-0.02494032163820092,-0.009379949090373584,8.989319566042951,3.0,0,0,1,1,0
-0.003057209470975445,-0.018672219816576064,7.338888133838879,3.0,0,0,1,1,0
0.011253548707579785,0.04120008346715855,5.081404364984463,3.0,1,0,0,1,0
0.09886772826017795,0.006366574234013838,7.38025578842646,4.0,1,0,0,1,0
0.04325608845673743,0.008399628015067238,12.316634112761312,3.0,0,1,0,1,0
0.05900628077678305,0.3643206439775452,13.41004744985411,3.0,0,0,1,1,0
0.06823353828881809,-0.008262304329309526,7.157735484249907,3.0,1,0,0,1,0
0.034089727685543345,0.05877505011436665,7.785720896534624,5.0,0,0,0,1,0
0.0032340279540879644,-0.008834290826583775,11.19135563385109,3.0,0,0,1,1,0
0.06123508434446731,0.014679388795752476,6.580639137284949,3.0,1,0,0,1,0
-0.06620208311546304,0.285658068306776,3.332204510175204,20.0,0,0,0,0,0
-0.009588729989244475,-0.0023975382994460255,7.794823152179389,4.0,0,0,1,1,0
-0.06620208311546304,0.285658068306776,3.332204510175204,20.0,0,0,0,0,0
0.05381593566775848,0.33829238559574354,13.184400648021263,3.0,0,1,0,1,0
0.03865089546368615,-0.05553424281027477,6.81783057145415,3.0,0,0,0,1,0
0.02384669215294764,0.09752075743170266,0.0,4.0,0,1,0,1,0
-0.0026591659096644217,-0.0035244209396726417,10.085850775128717,3.0,0,0,1,1,0
0.012582126820332357,0.0381511073250516,3.58351893845611,3.0,1,0,0,1,0
0.08702384322415667,0.006386415503855107,7.469083884921234,4.0,1,0,0,1,0
-0.018743883476569485,0.09436058773500844,5.081404364984463,6.0,0,1,0,0,0
0.021003068269950225,0.03457608892520296,3.1780538303479458,3.0,0,0,0,1,0
0.0046069679200018135,0.005702120172032859,4.07753744390572,3.0,0,0,1,1,0
0.021867058320895146,0.055104855188265654,0.0,3.0,0,0,0,1,0
0.018995796562240787,-0.008358099589206304,10.712014884136147,3.0,1,0,0,1,0
-0.021470046876044296,0.13983613124836053,5.081404364984463,8.0,0,1,0,0,0
0.03503926465535756,-0.013793457845995451,11.53643689243115,3.0,1,0,0,1,0
0.012545714229137356,0.04233604254377167,5.272999558563747,3.0,1,0,0,1,0
0.0493040080415086,0.0312960119205907,11.407576060361786,5.0,1,0,0,1,0
0.13531779457509355,0.07390110595696492,7.38025578842646,5.0,1,0,0,1,0
0.02604763186553287,0.1572309621214402,0.0,9.0,1,0,0,0,0
0.08959326903252311,0.2830208813192437,0.0,13.0,1,0,0,0,0
0.002227521561383499,0.09627253779117541,3.713572066704308,5.0,0,1,0,1,0
-0.041737045989665184,0.2883430140998129,3.2188758248682006,18.0,0,1,0,0,0
-0.03110011322607795,0.28574459115202067,2.995732273553991,21.0,0,1,0,0,0
-0.03840514165992642,0.2883892325872078,2.995732273553991,16.0,0,1,0,0,0
0.06336175005552964,0.2778635249092086,2.3978952727983707,12.0,0,1,0,0,0
-0.018665315697873372,0.28627063761077176,2.772588722239781,20.0,0,1,0,0,0
0.038556552948999956,0.20022660073145485,2.0794415416798357,11.0,0,1,0,0,0
0.05444835920627095,0.2901851850642089,1.6094379124341003,15.0,0,1,0,0,0
0.04866248774071176,0.09151814444345509,12.154784614286667,8.0,0,0,1,0,0
0.05273803987965865,0.12058718325645784,4.962844630259907,5.0,0,0,0,1,0
-0.05418794227074206,-0.1497517373594003,8.60813018640834,4.0,0,1,0,1,0
-0.036303776199863816,-0.12214919629062773,8.073091199693154,3.0,0,1,0,1,0
0.043741638856339735,0.12056685267776517,5.272999558563747,5.0,1,0,0,1,0
0.007138548120942928,0.14835240856258672,0.0,8.0,1,0,0,0,0
0.024269542404536326,-0.046405755946526586,9.875602349046593,5.0,1,0,0,1,0
0.08489627700842564,0.019469391956647722,5.996452088619021,4.0,1,0,0,1,0
-0.04721766478931959,-0.13424432162273855,8.006700845440367,6.0,0,0,1,0,0
-0.04425321447192165,0.044157730055721725,8.294299608857235,5.0,0,0,0,1,0
0.007315799976674315,0.04284463931473189,6.580639137284949,3.0,0,1,0,1,0
0.018474748750523313,0.17202992164208744,4.382026634673881,9.0,1,0,0,0,0
0.048188603995220056,0.013449309371367266,5.996452088619021,3.0,1,0,0,1,0
0.0028934230393645615,0.0054878344577471445,3.2188758248682006,3.0,0,0,1,1,0
0.06303673603904889,0.013916384527059351,6.594413459749778,3.0,1,0,0,1,0
0.013862082017535216,-0.01891834278039698,7.443663683115591,3.0,0,0,0,1,0
0.02500119453194896,0.17230961204456416,4.59511985013459,9.0,1,0,0,0,0
0.005101281270799676,-0.000235960328493115,9.325809621782296,5.0,1,0,0,1,0
0.03895106459997725,0.006163008658133599,11.858208769869991,4.0,0,0,1,1,0
0.027204569315940983,-0.005878407446748873,5.8377304471659395,4.0,0,0,1,1,0
0.011224560047455463,-0.004235160769262365,7.0707241072602764,4.0,0,0,1,1,0
-0.002708057507099347,-0.0035983877623236753,10.082386592528753,3.0,0,0,1,1,0
-0.007346932923872712,-0.03132761021995655,8.699681400989514,3.0,1,0,0,1,0
0.019019531515696318,-0.008389442742097441,10.714439990727769,3.0,1,0,0,1,0
-0.01978738032851495,-0.06297371966514359,8.542080906924017,3.0,1,0,0,1,0
0.01201958935438831,0.04127151203858712,5.147494476813453,3.0,1,0,0,1,0
0.01770583152444443,-0.008692696414236563,10.896757843893464,3.0,1,0,0,1,0
-0.007346932923872712,-0.03132761021995655,8.699681400989514,3.0,1,0,0,1,0
-0.006151607511086114,-0.017542320717025425,7.38025578842646,3.0,0,0,1,1,0
0.04989374586337926,0.01874049747380398,6.111467339502679,3.0,1,0,0,1,0
0.009657569995079517,-0.008258595361917722,11.407576060361786,3.0,0,0,1,1,0
0.006363143290724498,0.016602572606544942,5.902633333401366,4.0,0,1,0,1,0
-0.056354349135912384,-0.12219894342352855,8.202756381655638,4.0,0,1,0,1,0
-0.005373414647364269,0.00275026695482864,2.0794415416798357,4.0,0,0,1,1,0
-0.001593969737798807,-0.022328038371668475,0.0,5.0,0,0,1,1,0
0.035788230106581644,0.027934118281580843,6.161207321695077,5.0,0,0,1,1,0
0.03579974634344873,0.01875104905113878,6.670766320845874,6.0,0,0,1,0,0
0.03942500716802813,0.022216410812601672,5.996452088619021,5.0,0,0,1,1,0
0.02302209431464966,-0.016337122902642838,5.902633333401366,4.0,0,0,1,1,0
0.003087301356648603,-0.0003435444947209654,7.443663683115591,4.0,0,0,1,1,0
0.021684641466171807,-0.003775473730233927,6.670766320845874,4.0,0,0,1,1,0
0.013598398386818217,0.029495914213213535,5.017279836814924,4.0,1,0,0,1,0
0.06607951915712808,0.030294065717688973,12.429220196836383,4.0,0,0,1,1,0
-0.017634530757800044,-0.029011032042137914,8.632662441222351,4.0,0,0,0,1,0
0.11930162121199674,0.006064865832855327,7.20934025660291,4.0,1,0,0,1,0
0.007243491089628678,0.002633562047165189,7.528869256642251,5.0,0,0,1,1,0
-0.035933685698261816,-0.06916214841851553,8.460834457746854,4.0,0,0,1,1,0
0.06546060881493893,0.2834240550407828,2.1972245773362196,13.0,0,1,0,0,0
0.024580875947728738,0.031103854878577426,6.447305862541213,6.0,0,0,1,0,0
-0.035744643930985184,-0.05016560287078359,8.35983738064003,4.0,0,0,1,1,0
-0.02540986648067077,-0.01924374938558618,8.748463629942055,4.0,0,0,1,1,0
-0.01930292377753397,-0.0050623298099596765,9.105090961257085,4.0,0,0,1,1,0
-0.002927820854008166,-0.004832507260413314,10.373522431293592,5.0,0,0,1,1,0
-0.0338407847400501,-0.029902361824270234,9.851193757814993,6.0,0,0,1,0,0
-0.0449660205155903,-0.15652621962023308,9.994287576862567,5.0,0,1,0,1,0
0.007725000072697448,-0.01143614729078381,11.27407165120037,4.0,0,0,1,1,0
0.007725000072697448,-0.01143614729078381,11.27407165120037,4.0,0,0,1,1,0
0.00043186725584869233,-0.0071457605672773025,11.038126355768453,5.0,0,0,1,1,0
0.019960149890375985,0.0028282407671380277,7.362645270417825,5.0,0,0,1,1,0
-0.007197547110387711,-0.005468973038990078,9.664659134301736,4.0,0,0,1,1,0
-0.03580410983543555,-0.04691675259740863,8.355614995760183,4.0,0,0,1,1,0
-0.057395764923276915,-0.1210601949920731,8.279697133877628,4.0,0,1,0,1,0
-0.025408762224825313,-0.045257508948078354,10.074326772221049,4.0,0,1,0,1,0
0.01983978813015107,0.008576816530420542,6.643789733147672,4.0,0,0,1,1,0
-0.082588316757896,-0.17978123650199684,8.632662441222351,5.0,0,1,0,1,0
-0.03964674126524039,-0.07123087730597433,9.137877200242468,4.0,0,1,0,1,0
0.012308961617016284,0.0278577906945753,4.61512051684126,4.0,1,0,0,1,0
-0.05744865509118538,-0.11151267775195177,9.588845298501564,5.0,0,1,0,1,0
0.08728337979781793,0.027368664231181228,6.16541785423142,4.0,1,0,0,1,0
0.00448769734098429,0.10399750056046474,0.0,6.0,0,1,0,0,0
-0.02823723281557523,-0.056103904688718384,9.864746724219698,4.0,0,1,0,1,0
0.014791017527859955,0.013135342850381607,6.55250788703459,4.0,0,0,1,1,0
0.1213952113181658,0.08512209442898874,6.688354713946762,6.0,0,0,0,0,0
0.009936957363721627,-0.0045602968118272046,7.849323818040561,4.0,0,0,0,1,0
0.027762397852758792,0.025608857121771248,5.081404364984463,4.0,0,0,0,1,0
-0.024587993498829664,-0.05091959874843856,8.478660241699453,4.0,1,0,0,1,0
-0.02437685132004336,-0.008322627950788912,8.073091199693154,4.0,1,0,0,1,0
0.08353340603843504,-0.0023702157753878322,12.290510296660331,4.0,0,0,0,1,0
0.008795212839767861,0.03700035966402539,0.0,4.0,1,0,0,1,0
0.19484576772366283,0.11386513750860368,6.1779441140506,6.0,1,0,0,0,0
0.009464497858151448,-0.07512548095908816,9.94299668563084,4.0,0,0,0,1,0
0.02384669215294764,0.09752075743170266,0.0,4.0,0,1,0,1,0
0.05407576775863486,0.3077674983075459,12.847929163278053,4.0,0,1,0,1,0
-0.06497558962349834,-0.15474061557288873,9.301186055275759,5.0,0,1,0,1,0
0.02384669215294764,0.09752075743170266,0.0,4.0,0,1,0,1,0
-0.030591329811708985,-0.01205122975018353,7.57353126274595,4.0,0,1,0,1,0
0.20298458179328316,0.06922182331354594,7.3783837129967145,6.0,1,0,0,0,0
0.02384669215294764,0.09752075743170266,0.0,4.0,0,1,0,1,0
0.054146188428778726,0.020293855255999273,12.611541086966115,4.0,0,1,0,1,0
-0.023605846144327237,-0.025459375301363624,10.308985993422082,4.0,0,1,0,1,0
-0.03595733482097645,-0.10422613323098918,10.505094936455558,5.0,0,1,0,1,0
0.02384669215294764,0.09752075743170266,0.0,4.0,0,1,0,1,0
0.037827208439885115,-0.012059780275115277,12.250094315624496,4.0,0,1,0,1,0
0.05407576775863486,0.3358595167517904,14.128861108158517,4.0,0,1,0,1,0
0.041703169624824815,0.03093863365898573,5.707110264748875,4.0,0,0,0,1,0
0.06439300411421359,-0.0015471217917335939,5.799092654460526,4.0,0,0,0,1,0
0.018136986129515947,-0.007442484176880442,10.745744155683914,4.0,1,0,0,1,0
-0.07001896018426133,-0.14338110716618463,9.105090961257085,5.0,0,1,0,1,0
0.11620622130497969,0.00594122080278983,7.2868764117507,4.0,1,0,0,1,0
0.08778152219065768,0.025395777541624587,6.089044875446846,4.0,1,0,0,1,0
0.017956019718107542,-0.007886363603983555,10.896757843893464,4.0,1,0,0,1,0
-0.010379597455900738,-0.03392786136822829,8.699681400989514,4.0,1,0,0,1,0
0.14374225522936387,-0.019795099417998924,6.670766320845874,4.0,1,0,0,1,0
0.02559340658001341,-0.023008548769844164,11.918397239722838,5.0,0,1,0,1,0
0.012905760910001729,-0.02004583633708361,10.281958234245314,6.0,1,0,0,0,0
0.10184330248096349,0.32151112587350233,12.899222326086994,5.0,0,0,0,1,0
0.013060002400043107,0.15736975133662903,2.9444389791664403,11.0,0,0,1,0,0
-0.09181391495255815,-0.19300763125707968,8.136810863675537,5.0,0,1,0,1,0
-0.036452479317841506,0.03707792123386875,5.198497031265826,7.0,0,0,1,0,0
0.054472623092695245,0.1926027253704164,0.0,19.0,0,0,1,0,0
0.013307213356223738,0.11203489189053038,0.0,5.0,0,1,0,1,0
0.022204606291768257,-0.02442745775389568,11.872925873417536,5.0,0,1,0,1,0
0.13090618275038257,0.1058012682508298,6.089044875446846,5.0,1,0,0,1,0
-0.1902281293864514,0.2682649421690558,4.564348191467836,19.0,1,0,0,0,0
0.013321796019349536,0.11622223776802473,0.0,5.0,1,0,0,1,0
0.03145855143031332,0.11412849565056542,4.990432586778736,6.0,1,0,0,0,0
0.0853794428409167,0.02161617504555071,6.003887067106539,4.0,1,0,0,1,0
0.020009726927152277,-0.052736508561466125,9.455323689894849,4.0,1,0,0,1,0
-0.0025557379654065787,0.16034420642920097,4.30406509320417,8.0,1,0,0,0,0
0.06610487587611759,0.0035586581321059574,5.799092654460526,4.0,1,0,0,1,0
0.03290437621566635,0.11720773287439215,3.6375861597263857,5.0,1,0,0,1,0
0.11678020453077288,0.019489083351252327,6.639875833826536,4.0,1,0,0,1,0
-0.19736848121730388,0.26820660883572245,4.143134726391533,19.0,1,0,0,0,0
0.022858540661128992,0.11226204012349059,4.394449154672439,6.0,1,0,0,0,0
0.018298162891813192,-0.007515585639687789,10.839600519357369,4.0,1,0,0,1,0
-0.20931268008779222,0.29202300257328284,4.3694478524670215,17.0,1,0,0,0,0
-0.19314444902917915,0.2923009342004792,4.962844630259907,17.0,1,0,0,0,0
0.14044006444582843,0.11041256272376623,6.52795791762255,5.0,1,0,0,1,0
-0.016979485180958806,0.04065774514802051,9.123038043573386,5.0,1,0,0,1,0
0.12789795885142985,0.10314567777162091,6.037870919922137,5.0,1,0,0,1,0
-0.0044319994742544385,0.12119548470533205,2.772588722239781,7.0,1,0,0,0,0
0.02647675601475507,0.11683910698974875,1.791759469228055,5.0,1,0,0,1,0
0.013321796019349536,0.11622223776802473,0.0,5.0,1,0,0,1,0
-0.0017919863832251137,0.009285696495208988,8.073091199693154,6.0,1,0,0,0,0
0.2004418456749791,0.06908471695585135,7.38025578842646,6.0,1,0,0,0,0
0.010580566900515972,0.0018815183914020622,9.613536240640304,6.0,1,0,0,0,0
0.044124769564912285,0.17723208083718764,5.247024072160486,10.0,1,0,0,0,0
0.04733456147996863,0.15840697301630735,2.6390573296152584,10.0,1,0,0,0,0
0.02938173580365111,0.10516001281434997,2.3978952727983707,5.0,1,0,0,1,0
0.07999634200087478,0.28791038997211255,0.0,17.0,1,0,0,0,0
0.04655309251076065,0.2905011845390518,5.247024072160486,12.0,1,0,0,0,0
0.13431678965032856,0.2837064830035449,1.6094379124341003,24.0,1,0,0,0,0
0.15782522146019756,0.28461127261875674,0.6931471805599453,24.0,1,0,0,0,0
0.15782522146019756,0.28461127261875674,0.6931471805599453,24.0,1,0,0,0,0
0.09521183905783262,0.29010365765011303,0.0,24.0,1,0,0,0,0
0.15782522146019756,0.28461127261875674,0.6931471805599453,24.0,1,0,0,0,0
-0.044731491919347804,0.05543459663623378,8.136810863675537,5.0,1,0,0,1,0
-0.0013582304576251628,0.15975005376813656,3.713572066704308,8.0,1,0,0,0,0
0.2185305007347504,0.1164217639754811,6.52795791762255,6.0,1,0,0,0,0
-0.08687469944947962,-0.22373120372095617,8.60813018640834,5.0,0,1,0,1,0
0.02604763186553287,0.1572309621214402,0.0,9.0,1,0,0,0,0
0.015314721900652601,-0.07680519133464223,9.325809621782296,4.0,1,0,0,1,0
0.055603019971156534,0.03988097738414798,11.51293546492023,5.0,1,0,0,1,0
-0.040396663509682185,-0.11866601108496153,10.203999469426009,5.0,0,1,0,1,0
-0.0011454532075138545,0.040503552724362624,9.510519035757246,5.0,0,0,0,1,0
-0.03486887464177004,0.02051613525077263,8.612685172875459,5.0,0,0,0,1,0
-0.09572529823376898,0.2867288191267149,3.9512437185814275,25.0,0,0,0,0,0
-0.04090622822837739,0.2645229914158872,6.852242569051878,17.0,0,0,0,0,0
0.020078695850651137,-0.07249353187301294,10.12667110305036,4.0,1,0,0,1,0
0.008795212839767861,0.03700035966402539,0.0,4.0,1,0,0,1,0
0.0004975165194187943,0.15649035683377438,1.3862943611198906,8.0,1,0,0,0,0
0.025610757625432384,-0.08627058600537602,9.928228944424575,5.0,1,0,0,1,0
0.02819564643627543,0.03585919032944862,11.107480356662066,5.0,1,0,0,1,0
-0.044979052306508824,0.05709494969542164,8.16194579946869,5.0,1,0,0,1,0
-0.017411440658696153,0.04135826447302741,9.105090961257085,5.0,1,0,0,1,0
0.03679311211934644,0.17635810212927708,4.990432586778736,10.0,1,0,0,0,0
0.07799953325940374,0.10464332722879374,6.16541785423142,6.0,0,0,0,0,0
-0.010259594727462957,0.10907795195504219,4.948759890378168,6.0,0,0,0,0,0
0.030800789586584595,0.02655793489728092,5.214935757608986,4.0,0,0,0,1,0
-0.007258428300500701,0.10638788984237262,0.0,7.0,0,0,0,0,0
-0.027059570845702426,-0.14823842665488432,7.979681302387741,4.0,0,0,0,1,0
-0.057593682360627,0.006546430423950027,8.294299608857235,6.0,0,0,0,0,0
0.027498242819397896,0.025692190455104583,4.962844630259907,4.0,0,0,0,1,0
0.026978818348088525,0.27059391420889006,2.302585092994046,25.0,0,0,0,0,0
-0.12885627119079993,0.29203940965606984,4.564348191467836,17.0,0,0,0,0,0
-0.057593682360627,0.006546430423950027,8.294299608857235,6.0,0,0,0,0,0
0.06391970899465792,0.29252691007549375,1.0986122886681098,18.0,0,0,0,0,0
0.07873270856769966,0.10473648962914671,6.1779441140506,6.0,0,0,0,0,0
-0.04227391584807304,0.01886970276350907,8.94754601503218,6.0,0,0,0,0,0
0.07389223873588747,0.05106444244964497,12.296831574998258,7.0,0,0,0,0,0
-0.043777143106510735,0.051508449039027036,8.202756381655638,5.0,0,0,0,1,0
0.019817460601173224,0.001146980726355551,11.156264806643742,5.0,0,0,0,1,0
0.06417519595098455,0.1020799559269639,5.996452088619021,7.0,0,0,0,0,0
0.03378775105661302,0.2756146037417029,2.1972245773362196,28.0,0,0,0,0,0
-0.04238206174438548,-0.1278204974116452,7.979681302387741,6.0,0,0,0,0,0
0.10184330248096349,0.3361131268885357,12.989976472461,5.0,0,0,0,1,0
-0.012098688775931763,0.05821202580444546,6.856461984594587,6.0,0,1,0,0,0
0.035772818245358946,0.21385877394041095,4.709530201312334,11.0,0,0,0,0,0
0.08597841385995288,0.28084719555915,2.1972245773362196,14.0,0,0,0,0,0
0.08916864252056242,0.006386415503855107,7.443663683115591,4.0,1,0,0,1,0
0.0702747505160059,0.08576429984734338,11.691799418938693,5.0,1,0,0,1,0
0.09600452365879862,0.2897580532545086,0.0,20.0,1,0,0,0,0
-0.03766766559730412,0.27995966118700666,2.772588722239781,20.0,1,0,0,0,0
0.08959326903252311,0.2830208813192437,0.0,13.0,1,0,0,0,0
0.007138548120942928,0.14835240856258672,0.0,8.0,1,0,0,0,0
0.07835027163177295,0.2882237737660455,0.0,18.0,1,0,0,0,0
0.11785748089389891,0.29234609196513783,0.6931471805599453,18.0,1,0,0,0,0
0.04607640866204113,0.2904129492449342,5.147494476813453,12.0,1,0,0,0,0
0.028179059827987463,0.16763963367705043,0.6931471805599453,9.0,1,0,0,0,0
0.09600452365879862,0.2897580532545086,0.0,20.0,1,0,0,0,0
0.040918142175393496,0.17713208083718765,5.214935757608986,10.0,1,0,0,0,0
-0.006505280464433971,0.0778121292582179,6.594413459749778,6.0,0,1,0,0,0
0.08177826449568561,0.19782598029499596,2.3978952727983707,11.0,1,0,0,0,0
0.014040829159488127,0.2807284075239821,2.1972245773362196,16.0,1,0,0,0,0
0.11160678801183607,0.037520234337617614,5.902633333401366,5.0,1,0,0,1,0
0.03081100356528234,0.2807284075239821,2.1972245773362196,17.0,1,0,0,0,0
0.09891433391727124,0.0692943242695549,7.62608275807238,5.0,1,0,0,1,0
0.09891433391727124,0.0692943242695549,7.62608275807238,5.0,1,0,0,1,0
-0.01394487214495038,0.03727233668549017,9.202912856147385,5.0,1,0,0,1,0
0.1723311518496846,0.07425914410803844,6.933423025730715,5.0,1,0,0,1,0
0.029638133586826636,0.0037191456315069636,7.88193748927207,4.0,1,0,0,1,0
0.024126462900992532,0.0432374945498378,10.775512868112267,5.0,1,0,0,1,0
-0.1855408378341537,0.2916982476713221,3.713572066704308,17.0,1,0,0,0,0
0.07582200028685308,0.10981489986257029,12.097261739671994,6.0,1,0,0,0,0
0.013686161477953554,0.028963398157628613,10.62137612498452,6.0,1,0,0,0,0
0.1855978858425783,0.06825654235267675,7.443663683115591,6.0,1,0,0,0,0
0.00305674259020787,0.12255254279385365,4.2626798770413155,7.0,1,0,0,0,0
-0.005607918342212045,-0.020086081373188958,8.989319566042951,4.0,1,0,0,1,0
0.1187030101277831,0.2923877586318045,0.6931471805599453,14.0,1,0,0,0,0
-0.019497270664318056,0.10051804933602469,5.303304908059076,7.0,0,1,0,0,0
0.1187030101277831,0.2923877586318045,0.6931471805599453,14.0,1,0,0,0,0
0.1187030101277831,0.2923877586318045,0.6931471805599453,14.0,1,0,0,0,0
0.1187030101277831,0.2923877586318045,0.6931471805599453,14.0,1,0,0,0,0
0.10337290181120286,0.2923877586318045,1.0986122886681098,17.0,1,0,0,0,0
0.11121191660178414,0.2923877586318045,1.0986122886681098,15.0,1,0,0,0,0
0.03734069274334407,0.17248739387105058,1.0986122886681098,10.0,0,0,0,0,0
-0.006903795340427919,-0.011143705935120709,9.020873347021357,4.0,0,0,0,1,0
0.04312697660319485,-0.0037450230958394823,7.38025578842646,4.0,0,0,0,1,0
-0.06497558962349834,-0.15474061557288873,9.301186055275759,5.0,0,1,0,1,0
-0.026693018031359764,-0.010171168432345645,8.160803920954665,4.0,0,0,0,1,0
0.07876219084866518,0.05200829387074669,12.65320419151592,6.0,0,0,0,0,0
-0.10553151393201507,-0.33817762608305985,7.979681302387741,6.0,0,1,0,0,0
0.08974476207348689,0.02993090594685265,12.661473293360718,4.0,0,0,0,1,0
0.021414111291496472,0.11528534679818891,0.0,5.0,0,0,0,1,0
0.024183320943614806,-0.028563265302944986,11.338250597584787,4.0,0,0,0,1,0
-0.10553151393201507,-0.33817762608305985,7.979681302387741,6.0,0,1,0,0,0
0.062425641053343896,-0.0011093688879862777,11.882480108335692,4.0,0,0,0,1,0
0.03974648774591173,0.031144361213165297,5.680172609017068,4.0,0,0,0,1,0
0.0235032429844129,0.17567098984547555,5.303304908059076,10.0,0,0,0,0,0
0.10183727106908608,0.05778679956024679,12.593611365104882,5.0,0,0,0,1,0
0.10184330248096349,0.3363233941432108,13.038766527911386,5.0,0,0,0,1,0
-0.10553151393201507,-0.33817762608305985,7.979681302387741,6.0,0,1,0,0,0
-0.017564748324692996,-0.09306840188102149,7.915348169263078,6.0,0,0,0,0,0
0.07306099135702353,0.005731247875761951,12.036925918271573,4.0,0,0,0,1,0
0.01680175337220249,0.01660982356807443,11.45025187044217,7.0,0,0,0,0,0
0.08087425252193772,-0.008844583174066546,12.150649783571922,4.0,0,0,0,1,0
0.07699335853276892,0.1102544245831682,11.786008995353765,5.0,0,0,0,1,0
-0.10553151393201507,-0.33817762608305985,7.979681302387741,6.0,0,1,0,0,0
0.10780703955411013,0.07486797938881971,6.816735880594968,5.0,0,0,0,1,0
0.07873270856769966,0.10473648962914671,6.1779441140506,6.0,0,0,0,0,0
-0.042595523232679115,0.052120393413881624,8.160803920954665,5.0,0,0,0,1,0
0.06339415429066003,0.26843089379115836,1.6094379124341003,19.0,0,0,0,0,0
0.01892580543019643,0.16553491663232728,1.3862943611198906,9.0,0,0,0,0,0
0.03869415912135342,0.21336463417924328,4.30406509320417,11.0,0,0,0,0,0
0.021414111291496472,0.11528534679818891,0.0,5.0,0,0,0,1,0
-0.10553151393201507,-0.33817762608305985,7.979681302387741,6.0,0,1,0,0,0
0.04087225766541662,0.11664585138989826,1.9459101490553132,5.0,0,0,0,1,0
0.07405098803307142,0.2924362003466261,0.6931471805599453,17.0,0,0,0,0,0
0.060436085268775565,0.2863286282263961,1.791759469228055,23.0,0,0,0,0,0
-0.006362659114498124,-0.053561315303131324,7.922623574217286,5.0,0,0,0,1,0
-0.041162730853906884,0.04671903538769112,8.073091199693154,5.0,0,0,0,1,0
0.04049188822595694,0.11723641483363442,1.791759469228055,5.0,0,0,0,1,0
-0.01810587199400496,0.10333639073709112,1.9459101490553132,6.0,0,0,0,0,0
0.09621724949059234,0.09079121070145883,5.978885764901122,5.0,0,0,0,1,0
0.10183727106908608,0.05778679956024679,12.593611365104882,5.0,0,0,0,1,0
0.0979438804631465,0.053205040500796386,12.312196869488563,5.0,0,0,0,1,0
0.027483423893494226,0.009053285436126157,11.262385022799068,5.0,0,0,0,1,0
0.10094865169406654,0.29003919622258406,1.9459101490553132,13.0,0,0,0,0,0
0.004440524809533277,0.16971480056114852,4.394449154672439,9.0,0,0,0,0,0
0.11729178068783355,0.08272415573859353,6.68586094706836,6.0,0,0,0,0,0
0.09760283895620198,0.054174760863785976,12.256009770735869,5.0,0,0,0,1,0
0.03378775105661302,0.2756146037417029,2.1972245773362196,24.0,0,0,0,0,0
0.08989923197214886,0.1341309061303449,11.982935344196433,5.0,0,0,0,1,0
0.09831885955806721,0.06679705408490573,12.154784614286667,5.0,0,0,0,1,0
-0.04238206174438548,-0.1278204974116452,7.979681302387741,6.0,0,0,0,0,0
0.0012534519357650974,0.15665864069083382,4.990432586778736,10.0,0,1,0,0,0
-0.00035179918819619915,0.04368596491720641,9.586376669393536,5.0,0,0,0,1,0
0.10442191592902456,0.10575241149851844,6.643789733147672,6.0,0,0,0,0,0
0.09734172787217615,0.27405313598474534,2.302585092994046,12.0,0,0,0,0,0
0.09734172787217615,0.27405313598474534,2.302585092994046,12.0,0,0,0,0,0
0.06949372663509418,0.2897957041900984,3.6375861597263857,12.0,0,0,0,0,0
0.05108993962461606,0.11983888911134463,4.795790545596741,5.0,0,0,0,1,0
0.04325506565510341,0.04837048719503999,5.7745515455444085,6.0,0,0,0,0,0
0.10184330248096349,0.32151112587350233,12.899222326086994,5.0,0,0,0,1,0
0.09440617097634399,0.11997713381117539,12.122479057603426,5.0,0,0,0,1,0
0.02694410558347286,0.2698759896197193,2.3978952727983707,20.0,0,0,0,0,0
0.05273803987965865,0.12058718325645784,4.962844630259907,5.0,0,0,0,1,0
0.052610859558408045,-0.003635759268931898,7.157735484249907,4.0,0,0,0,1,0
-0.0007531613627119276,0.15245507017979737,5.902633333401366,11.0,0,1,0,0,0
0.06889043295869408,0.12245742994856415,5.680172609017068,5.0,0,0,0,1,0
0.06438613028240567,0.017512898678342555,6.639875833826536,4.0,0,0,0,1,0
0.061307283939807916,0.12338212272370098,11.982935344196433,6.0,0,0,0,0,0
0.008877266358715155,-0.013698150436212385,10.869729678852693,4.0,0,0,0,1,0
0.03780706363727153,0.29163114431217213,5.147494476813453,13.0,0,0,0,0,0
0.0031241581261765424,0.09620690731657758,3.4011973816621555,5.0,0,1,0,1,0
